{"type":"FeatureCollection","source":"https://data.gov.tw/dataset/7442 直轄市、縣市界線(TWD97經緯度)","agency":"內政部國土測繪中心","license":"政府資料開放授權條款第1版","generatedBy":"scripts/build-geo.py","features":[{"type":"Feature","properties":{"code":"09007","name":"連江縣"},"geometry":{"type":"MultiPolygon","coordinates":[[[[119.98485,25.97059],[119.9886,25.96813],[119.97857,25.95966],[119.97896,25.9562],[119.97394,25.95333],[119.97148,25.95662],[119.96494,25.94921],[119.96045,25.95017],[119.96561,25.9563],[119.9622,25.95811],[119.96954,25.96045],[119.97152,25.96706],[119.98187,25.96647],[119.98485,25.97059]]],[[[119.96667,25.97467],[119.96725,25.97175],[119.96438,25.97115],[119.96667,25.97467]]],[[[119.94459,25.9821],[119.94801,25.98171],[119.94772,25.97816],[119.93394,25.96748],[119.92401,25.97924],[119.94459,25.9821]]],[[[119.91703,26.17517],[119.92829,26.17199],[119.92393,26.16205],[119.93048,26.16207],[119.93115,26.15814],[119.93498,26.15953],[119.93583,26.15423],[119.94187,26.1589],[119.93963,26.16584],[119.95113,26.16821],[119.95361,26.16421],[119.95663,26.16796],[119.96519,26.16648],[119.95531,26.15073],[119.94997,26.15354],[119.94877,26.14855],[119.94199,26.14325],[119.93444,26.14569],[119.92882,26.14159],[119.93046,26.13982],[119.92443,26.13778],[119.92348,26.142],[119.91684,26.14109],[119.90891,26.14534],[119.91767,26.15789],[119.91251,26.15959],[119.91916,26.16719],[119.91516,26.16944],[119.91703,26.17517]]],[[[119.99642,26.23808],[120.00005,26.238],[120.00188,26.23362],[120.00638,26.23405],[120.00365,26.22365],[120.0105,26.22846],[120.01539,26.22779],[120.00981,26.21967],[120.01267,26.21789],[120.01164,26.21438],[120.00381,26.22291],[120.00022,26.21872],[119.99822,26.22254],[119.99691,26.21815],[119.99307,26.21863],[119.99023,26.21444],[119.98707,26.21868],[119.97585,26.2152],[119.97255,26.21186],[119.97138,26.19938],[119.97599,26.19323],[119.96647,26.19402],[119.9656,26.20489],[119.97107,26.21262],[119.96744,26.22125],[119.97877,26.22602],[119.98325,26.22498],[119.99642,26.23808]]],[[[120.0045,26.25066],[120.00314,26.24506],[119.99583,26.24204],[119.99844,26.24971],[120.0045,26.25066]]],[[[120.0099,26.25515],[120.01504,26.25405],[120.0079,26.25183],[120.0099,26.25515]]],[[[119.98962,26.28187],[119.98879,26.27816],[119.99144,26.27869],[119.98928,26.27694],[119.99231,26.27569],[119.98866,26.27293],[119.99036,26.26969],[119.98124,26.26655],[119.9784,26.27206],[119.98406,26.27482],[119.98158,26.27831],[119.98678,26.28009],[119.98683,26.28301],[119.98962,26.28187]]],[[[120.22893,26.34501],[120.21807,26.33571],[120.22034,26.34183],[120.22889,26.34737],[120.22893,26.34501]]],[[[120.4796,26.383],[120.48346,26.37718],[120.48152,26.37123],[120.492,26.37064],[120.49418,26.37776],[120.49972,26.37844],[120.49867,26.37265],[120.50356,26.37079],[120.50666,26.37295],[120.51131,26.36522],[120.5042,26.36557],[120.50134,26.36869],[120.49349,26.35689],[120.49299,26.35932],[120.48854,26.35736],[120.48616,26.35979],[120.48428,26.35577],[120.48155,26.35898],[120.48536,26.36892],[120.48103,26.37079],[120.47773,26.36754],[120.47712,26.3789],[120.46936,26.37116],[120.46925,26.3771],[120.47469,26.37965],[120.47406,26.38339],[120.4796,26.383]]]]}},{"type":"Feature","properties":{"code":"10002","name":"宜蘭縣"},"geometry":{"type":"MultiPolygon","coordinates":[[[[121.95972,24.84493],[121.96495,24.84049],[121.96294,24.83593],[121.94802,24.83533],[121.94101,24.8378],[121.93426,24.84556],[121.94334,24.84461],[121.94948,24.85177],[121.95719,24.85026],[121.95972,24.84493]]],[[[121.9606,24.98822],[121.96599,24.98303],[121.95831,24.98262],[121.92559,24.96856],[121.9202,24.95519],[121.90536,24.9466],[121.90467,24.93982],[121.89528,24.94073],[121.88911,24.93695],[121.88504,24.91793],[121.87179,24.90364],[121.85136,24.89011],[121.82714,24.84236],[121.81902,24.79748],[121.81842,24.76492],[121.82588,24.733],[121.83278,24.71989],[121.83951,24.71585],[121.83637,24.70467],[121.84058,24.65987],[121.85877,24.6167],[121.86613,24.60992],[121.88514,24.60372],[121.88604,24.59981],[121.87346,24.59661],[121.87924,24.59104],[121.87225,24.58405],[121.87979,24.57966],[121.87208,24.57818],[121.86949,24.57449],[121.87411,24.54549],[121.87257,24.5311],[121.84254,24.52081],[121.83878,24.51162],[121.83971,24.49864],[121.85074,24.49534],[121.85093,24.48457],[121.86023,24.48364],[121.86213,24.48039],[121.84903,24.4792],[121.8212,24.46236],[121.82181,24.45565],[121.81655,24.44674],[121.80186,24.43434],[121.79115,24.40823],[121.78703,24.3725],[121.77164,24.33756],[121.77272,24.31363],[121.7594,24.31411],[121.74474,24.32285],[121.71332,24.32694],[121.69571,24.33471],[121.68847,24.33362],[121.68558,24.34073],[121.67484,24.33777],[121.67398,24.3434],[121.66911,24.3431],[121.66313,24.35289],[121.65351,24.35219],[121.65068,24.35985],[121.64785,24.35773],[121.65072,24.35093],[121.64876,24.34951],[121.635,24.36634],[121.63062,24.36642],[121.63095,24.37055],[121.62188,24.36676],[121.62038,24.36321],[121.62357,24.36234],[121.6212,24.35811],[121.62677,24.35433],[121.62685,24.34953],[121.63552,24.34762],[121.63137,24.34398],[121.6328,24.33475],[121.62864,24.33369],[121.62748,24.34112],[121.62279,24.33947],[121.61921,24.34548],[121.61614,24.33813],[121.61754,24.33365],[121.60792,24.33542],[121.60447,24.32901],[121.59923,24.33353],[121.59575,24.33162],[121.60523,24.31728],[121.60575,24.30942],[121.59719,24.31629],[121.58949,24.3138],[121.57585,24.31967],[121.56637,24.31918],[121.55949,24.32315],[121.55608,24.33115],[121.54535,24.33767],[121.53313,24.33709],[121.52216,24.34302],[121.4954,24.34029],[121.48537,24.34846],[121.4654,24.35531],[121.45201,24.36468],[121.44798,24.37483],[121.44256,24.37313],[121.43779,24.38288],[121.40791,24.37755],[121.40089,24.37967],[121.38996,24.37515],[121.38762,24.36969],[121.38076,24.3669],[121.36943,24.37226],[121.3671,24.37893],[121.3698,24.38259],[121.36489,24.38907],[121.35469,24.39327],[121.34297,24.39284],[121.33913,24.3896],[121.33234,24.39794],[121.3276,24.39845],[121.325,24.40691],[121.32826,24.43345],[121.31767,24.44149],[121.3238,24.45672],[121.336,24.46737],[121.33564,24.47204],[121.34007,24.47485],[121.34284,24.48226],[121.35775,24.48661],[121.36385,24.49496],[121.37125,24.49836],[121.37335,24.5099],[121.38357,24.51022],[121.39052,24.52293],[121.40142,24.52886],[121.39675,24.53982],[121.39876,24.5482],[121.39476,24.55591],[121.40358,24.56871],[121.41233,24.5734],[121.40309,24.59187],[121.41278,24.60365],[121.41829,24.60103],[121.42759,24.6057],[121.43609,24.6274],[121.44502,24.6373],[121.44508,24.64318],[121.45134,24.65092],[121.44761,24.65617],[121.44925,24.66165],[121.4595,24.67316],[121.49348,24.67338],[121.51174,24.68435],[121.5238,24.6833],[121.5275,24.68882],[121.53687,24.68849],[121.53786,24.69984],[121.5434,24.70574],[121.55062,24.70574],[121.55649,24.71127],[121.57038,24.71397],[121.57481,24.71011],[121.57806,24.72216],[121.58738,24.72019],[121.59793,24.7288],[121.59377,24.72954],[121.59531,24.73963],[121.59167,24.74492],[121.59613,24.7483],[121.58897,24.75515],[121.59759,24.77217],[121.59198,24.78765],[121.60564,24.78913],[121.60964,24.79377],[121.62096,24.7925],[121.62547,24.79506],[121.62583,24.80878],[121.64504,24.80929],[121.64732,24.81395],[121.66069,24.81083],[121.66905,24.81801],[121.67436,24.81412],[121.68124,24.81762],[121.68831,24.81612],[121.69012,24.82149],[121.68764,24.8249],[121.69617,24.82989],[121.6964,24.83462],[121.70187,24.8344],[121.71427,24.84178],[121.73042,24.85524],[121.74578,24.85285],[121.76099,24.8567],[121.76832,24.86571],[121.77543,24.86508],[121.77733,24.87076],[121.78521,24.87419],[121.78168,24.88947],[121.79302,24.89624],[121.79191,24.89981],[121.80462,24.90119],[121.81164,24.90652],[121.81838,24.90271],[121.83182,24.90491],[121.85371,24.92522],[121.83905,24.94464],[121.84141,24.95426],[121.84686,24.96027],[121.86112,24.96367],[121.87155,24.96072],[121.88857,24.96318],[121.8972,24.96707],[121.90283,24.97438],[121.91033,24.97477],[121.91487,24.97935],[121.9335,24.9809],[121.94464,24.98818],[121.9606,24.98822]]],[[[123.5502,25.72581],[123.55567,25.72086],[123.54497,25.72235],[123.5502,25.72581]]],[[[123.54135,25.73438],[123.54563,25.72873],[123.54242,25.72525],[123.53762,25.73178],[123.54135,25.73438]]],[[[123.4767,25.75181],[123.4896,25.74823],[123.49381,25.74209],[123.47722,25.74127],[123.46446,25.73491],[123.4594,25.73564],[123.45779,25.74032],[123.4603,25.74471],[123.4767,25.75181]]],[[[124.55913,25.92337],[124.56115,25.9223],[124.55657,25.92153],[124.55913,25.92337]]],[[[123.68245,25.92888],[123.68871,25.92356],[123.68602,25.9197],[123.68005,25.91958],[123.67608,25.92315],[123.68245,25.92888]]]]}},{"type":"Feature","properties":{"code":"10007","name":"彰化縣"},"geometry":{"type":"Polygon","coordinates":[[[120.45656,24.20718],[120.50439,24.19114],[120.52581,24.14902],[120.52355,24.13968],[120.53268,24.12643],[120.54092,24.12366],[120.54538,24.11647],[120.57275,24.10829],[120.58352,24.10955],[120.58836,24.10623],[120.61249,24.10257],[120.617,24.07942],[120.62535,24.06895],[120.62343,24.05212],[120.62811,24.03835],[120.62447,24.03099],[120.63615,24.03105],[120.64464,24.02588],[120.6464,24.03402],[120.65175,24.02853],[120.65579,24.03066],[120.67865,24.01403],[120.67009,24.00996],[120.6737,24.00808],[120.67258,24.00585],[120.64602,24.00916],[120.64035,24.00573],[120.63809,24.0074],[120.63659,23.99498],[120.65018,23.9837],[120.64632,23.97327],[120.64687,23.96342],[120.64266,23.95827],[120.63541,23.95225],[120.62698,23.95644],[120.63385,23.95336],[120.62759,23.95177],[120.63466,23.94371],[120.63016,23.94296],[120.63764,23.93559],[120.63549,23.93744],[120.62782,23.93108],[120.63741,23.92408],[120.63646,23.91937],[120.63353,23.91954],[120.63471,23.91312],[120.6294,23.91081],[120.63422,23.90767],[120.63137,23.90343],[120.63506,23.8986],[120.63265,23.88969],[120.62736,23.88965],[120.62959,23.88462],[120.62396,23.86892],[120.61991,23.86837],[120.62224,23.86012],[120.62782,23.8574],[120.62344,23.8489],[120.61943,23.84962],[120.6236,23.84707],[120.6155,23.84047],[120.61718,23.83762],[120.62085,23.84166],[120.62224,23.83866],[120.62612,23.84192],[120.62906,23.83868],[120.62492,23.83659],[120.62998,23.83735],[120.62911,23.8344],[120.63365,23.83409],[120.6236,23.82948],[120.63705,23.83279],[120.63435,23.83111],[120.64001,23.82511],[120.63386,23.82584],[120.63919,23.82456],[120.63776,23.82178],[120.65092,23.8125],[120.67635,23.81929],[120.67898,23.80594],[120.68341,23.80542],[120.6839,23.80135],[120.64155,23.78562],[120.63024,23.78979],[120.58696,23.79191],[120.55122,23.80113],[120.50957,23.80027],[120.45209,23.81722],[120.43311,23.83015],[120.41034,23.82638],[120.37032,23.82856],[120.35814,23.82281],[120.30813,23.8203],[120.25502,23.83425],[120.23736,23.84681],[120.22036,23.86622],[120.22615,23.87688],[120.23533,23.88526],[120.25523,23.89419],[120.25774,23.89933],[120.25624,23.90789],[120.26105,23.91973],[120.26914,23.93059],[120.27881,23.93359],[120.28283,23.95451],[120.30771,23.97314],[120.30874,23.9871],[120.31646,23.99923],[120.33529,24.01574],[120.34142,24.03962],[120.34241,24.05472],[120.33973,24.05972],[120.34777,24.06962],[120.35919,24.07428],[120.36337,24.08085],[120.38417,24.08767],[120.38635,24.09704],[120.37955,24.09429],[120.39683,24.11749],[120.40083,24.13692],[120.40901,24.14266],[120.41279,24.15223],[120.40805,24.15495],[120.415,24.15756],[120.41639,24.17048],[120.42576,24.17866],[120.42471,24.1833],[120.44396,24.18894],[120.45656,24.20718]]]}},{"type":"Feature","properties":{"code":"10008","name":"南投縣"},"geometry":{"type":"Polygon","coordinates":[[[121.27087,24.23661],[121.27686,24.23547],[121.27994,24.2298],[121.28589,24.22909],[121.29401,24.22959],[121.30107,24.23669],[121.30389,24.23368],[121.3141,24.235],[121.33317,24.22983],[121.34302,24.22355],[121.34938,24.21044],[121.34968,24.20024],[121.32562,24.19612],[121.30708,24.18033],[121.28661,24.17763],[121.28835,24.15774],[121.28033,24.15787],[121.28468,24.15229],[121.28137,24.13587],[121.29586,24.13244],[121.31566,24.11649],[121.3284,24.11463],[121.32566,24.10246],[121.31895,24.09501],[121.32323,24.08518],[121.30819,24.07331],[121.29989,24.06217],[121.29554,24.06378],[121.28321,24.05427],[121.28573,24.03972],[121.25994,23.99062],[121.26442,23.9757],[121.27357,23.97525],[121.27791,23.96583],[121.27175,23.9485],[121.27433,23.94564],[121.27206,23.93835],[121.27651,23.92316],[121.27608,23.90986],[121.26106,23.9026],[121.26654,23.89841],[121.26845,23.88375],[121.26318,23.88077],[121.26519,23.87283],[121.25809,23.87249],[121.25304,23.86789],[121.24892,23.85213],[121.23942,23.84042],[121.23668,23.82521],[121.23913,23.82186],[121.23477,23.81794],[121.23446,23.812],[121.22754,23.80854],[121.22617,23.80293],[121.22662,23.79244],[121.2304,23.78797],[121.20465,23.7724],[121.20867,23.76585],[121.20648,23.76264],[121.2214,23.75276],[121.2333,23.74895],[121.22885,23.74452],[121.22849,23.73552],[121.22967,23.73008],[121.23941,23.72435],[121.23779,23.72007],[121.24121,23.70873],[121.23943,23.68697],[121.23245,23.67747],[121.23596,23.67077],[121.23575,23.66221],[121.22412,23.63885],[121.22473,23.62682],[121.21312,23.60008],[121.20623,23.59579],[121.19396,23.6005],[121.17973,23.59003],[121.17804,23.58264],[121.16675,23.58714],[121.15339,23.58678],[121.15215,23.57316],[121.16034,23.56783],[121.15714,23.55956],[121.15188,23.56047],[121.14612,23.55437],[121.15106,23.54518],[121.14688,23.53411],[121.15092,23.52663],[121.1444,23.5256],[121.13514,23.51493],[121.1177,23.52164],[121.10367,23.51893],[121.09736,23.52165],[121.09185,23.51452],[121.08811,23.51405],[121.06846,23.51845],[121.06217,23.49954],[121.0541,23.4956],[121.05361,23.48783],[121.0389,23.47408],[121.05848,23.46048],[121.05182,23.4508],[121.03495,23.44606],[121.02641,23.43909],[121.01527,23.43541],[121.01042,23.44507],[121.01585,23.45161],[121.00846,23.46209],[120.99879,23.46238],[120.98054,23.46921],[120.96671,23.4717],[120.94752,23.46712],[120.93757,23.47305],[120.93096,23.47066],[120.91021,23.47623],[120.88671,23.47556],[120.88003,23.46762],[120.8632,23.47355],[120.83897,23.47122],[120.83264,23.47473],[120.82285,23.49867],[120.82035,23.52148],[120.80861,23.53619],[120.80883,23.54586],[120.82063,23.5624],[120.81991,23.57768],[120.82553,23.58637],[120.81984,23.59051],[120.81763,23.5996],[120.79492,23.59725],[120.79087,23.60094],[120.77831,23.60203],[120.76428,23.61224],[120.75356,23.61482],[120.74748,23.61116],[120.73086,23.61081],[120.73068,23.61827],[120.72309,23.62253],[120.71837,23.62996],[120.7131,23.62791],[120.71407,23.62102],[120.71029,23.61916],[120.70227,23.61739],[120.69132,23.62035],[120.68606,23.61821],[120.68359,23.61087],[120.66914,23.60934],[120.65142,23.61614],[120.653,23.62951],[120.64514,23.63098],[120.63537,23.61985],[120.63106,23.62169],[120.62908,23.63516],[120.63521,23.64286],[120.63497,23.65157],[120.64693,23.67271],[120.64828,23.68286],[120.64341,23.6997],[120.64567,23.70321],[120.63899,23.71058],[120.64021,23.73072],[120.64454,23.73664],[120.65584,23.73512],[120.6557,23.75502],[120.64037,23.78605],[120.66378,23.79214],[120.67492,23.79972],[120.68395,23.80156],[120.68341,23.80542],[120.67898,23.80594],[120.67635,23.81929],[120.65092,23.8125],[120.63776,23.82178],[120.63919,23.82456],[120.63386,23.82584],[120.64001,23.82511],[120.63435,23.83111],[120.63705,23.83279],[120.6236,23.82948],[120.63365,23.83409],[120.62911,23.8344],[120.62998,23.83735],[120.62492,23.83659],[120.62906,23.83868],[120.62612,23.84192],[120.62224,23.83866],[120.62085,23.84166],[120.61718,23.83762],[120.61552,23.84038],[120.6236,23.84707],[120.61943,23.84962],[120.62344,23.8489],[120.62782,23.8574],[120.62224,23.86012],[120.61991,23.86837],[120.62396,23.86892],[120.62959,23.88462],[120.62736,23.88965],[120.63265,23.88969],[120.63506,23.8986],[120.63137,23.90343],[120.63422,23.90767],[120.6294,23.91081],[120.63471,23.91312],[120.63353,23.91954],[120.63646,23.91937],[120.63741,23.92408],[120.62782,23.93108],[120.63549,23.93744],[120.63764,23.93559],[120.63016,23.94296],[120.63466,23.94371],[120.62759,23.95177],[120.63385,23.95336],[120.62698,23.95644],[120.63541,23.95225],[120.64266,23.95827],[120.64687,23.96342],[120.64632,23.97327],[120.65018,23.9837],[120.63659,23.99498],[120.63809,24.0074],[120.64035,24.00573],[120.64602,24.00916],[120.67258,24.00585],[120.6737,24.00808],[120.67009,24.00996],[120.67876,24.01422],[120.70638,24.00519],[120.71924,24.00966],[120.73173,24.009],[120.74604,23.99856],[120.75797,24.00609],[120.77056,24.00907],[120.7752,24.01855],[120.78461,24.02404],[120.7862,24.02936],[120.79154,24.03067],[120.80799,24.06537],[120.81446,24.0699],[120.8293,24.07151],[120.82837,24.09395],[120.83249,24.09875],[120.83029,24.1025],[120.83628,24.11695],[120.84485,24.12453],[120.85387,24.12451],[120.8586,24.11621],[120.87245,24.11684],[120.87914,24.1093],[120.8815,24.10058],[120.87686,24.09119],[120.87802,24.08503],[120.88587,24.09541],[120.89133,24.0978],[120.89425,24.10685],[120.89153,24.11591],[120.90489,24.11449],[120.90956,24.10923],[120.91988,24.10744],[120.93255,24.11258],[120.95011,24.12786],[120.96121,24.12015],[120.97116,24.12024],[120.97569,24.11687],[120.98909,24.11877],[120.99202,24.12525],[120.99955,24.12776],[121.00817,24.14704],[121.01954,24.15871],[121.02776,24.15956],[121.03333,24.14858],[121.03811,24.1582],[121.04743,24.16006],[121.05266,24.1548],[121.0594,24.16278],[121.0646,24.16302],[121.08488,24.17592],[121.10169,24.19563],[121.10842,24.19801],[121.13636,24.19634],[121.14137,24.19965],[121.14782,24.21285],[121.16098,24.21518],[121.16764,24.22539],[121.18171,24.21205],[121.19156,24.21659],[121.19634,24.223],[121.20824,24.2217],[121.21971,24.22924],[121.23077,24.22605],[121.23041,24.22353],[121.23796,24.21971],[121.24416,24.2225],[121.25195,24.23919],[121.2588,24.24512],[121.26542,24.24567],[121.27087,24.23661]]]}},{"type":"Feature","properties":{"code":"10009","name":"雲林縣"},"geometry":{"type":"MultiPolygon","coordinates":[[[[120.08108,23.52412],[120.09159,23.51984],[120.09599,23.51088],[120.08257,23.51257],[120.08249,23.50848],[120.0766,23.50733],[120.07487,23.50337],[120.07767,23.50206],[120.06991,23.50376],[120.07109,23.50202],[120.06688,23.5003],[120.07405,23.49829],[120.0664,23.49855],[120.06531,23.49637],[120.0721,23.49395],[120.06822,23.49014],[120.0654,23.49464],[120.06239,23.49173],[120.05386,23.49228],[120.06514,23.48719],[120.06026,23.48143],[120.06253,23.48048],[120.05369,23.47894],[120.05831,23.48269],[120.05268,23.48795],[120.05357,23.48336],[120.04798,23.48021],[120.04897,23.47679],[120.04268,23.47684],[120.04573,23.48821],[120.05144,23.49251],[120.04726,23.49519],[120.04094,23.47852],[120.03775,23.47824],[120.03494,23.48301],[120.0358,23.47753],[120.02979,23.4796],[120.02485,23.47525],[120.02388,23.45954],[120.0139,23.45998],[120.01803,23.46952],[120.00889,23.46386],[120.00757,23.46106],[120.02225,23.43852],[120.01918,23.43628],[120.0041,23.46094],[119.99696,23.46539],[120.00032,23.47294],[120.08108,23.52412]]],[[[120.09942,23.54165],[120.10801,23.53398],[120.10308,23.53165],[120.11163,23.52961],[120.10995,23.52722],[120.09988,23.52945],[120.09655,23.52142],[120.09115,23.5312],[120.09638,23.54127],[120.09942,23.54165]]],[[[120.13242,23.54673],[120.13694,23.54292],[120.13201,23.53416],[120.1275,23.53284],[120.13258,23.53032],[120.1271,23.53017],[120.12869,23.54293],[120.12611,23.54416],[120.1295,23.54411],[120.13046,23.54819],[120.13242,23.54673]]],[[[120.13232,23.56316],[120.12986,23.55116],[120.12539,23.55879],[120.11926,23.549],[120.1101,23.54569],[120.11063,23.54182],[120.10573,23.54049],[120.10506,23.54797],[120.11144,23.55535],[120.12145,23.55611],[120.12448,23.56292],[120.13232,23.56316]]],[[[120.13038,23.56901],[120.12729,23.57342],[120.13235,23.57896],[120.13038,23.56901]]],[[[120.30656,23.82071],[120.35814,23.82281],[120.37032,23.82856],[120.41034,23.82638],[120.43311,23.83015],[120.45209,23.81722],[120.50957,23.80027],[120.55122,23.80113],[120.58696,23.79191],[120.62833,23.79001],[120.64037,23.78605],[120.6557,23.75502],[120.65584,23.73512],[120.64454,23.73664],[120.64021,23.73072],[120.63899,23.71058],[120.64567,23.70321],[120.64341,23.6997],[120.64828,23.68286],[120.64693,23.67271],[120.63497,23.65157],[120.63521,23.64286],[120.62908,23.63516],[120.63079,23.62209],[120.63537,23.61985],[120.64514,23.63098],[120.653,23.62951],[120.65142,23.61614],[120.66914,23.60934],[120.68359,23.61087],[120.68606,23.61821],[120.69132,23.62035],[120.70227,23.61739],[120.71029,23.61916],[120.71407,23.62102],[120.7131,23.62791],[120.71861,23.62989],[120.72309,23.62253],[120.73077,23.61808],[120.73101,23.61109],[120.72455,23.60377],[120.73271,23.59717],[120.7299,23.59364],[120.73399,23.58421],[120.73216,23.57713],[120.73616,23.57046],[120.7245,23.57189],[120.71795,23.56904],[120.71009,23.57116],[120.7089,23.57571],[120.69402,23.5765],[120.67624,23.57071],[120.66996,23.57878],[120.6507,23.57245],[120.64726,23.57669],[120.64346,23.57571],[120.6492,23.58345],[120.64708,23.58748],[120.64912,23.59247],[120.64562,23.59353],[120.62474,23.59054],[120.619,23.58417],[120.6102,23.58262],[120.58975,23.58572],[120.5803,23.58227],[120.57071,23.58804],[120.55786,23.58918],[120.55642,23.5929],[120.53304,23.59701],[120.51026,23.61933],[120.50383,23.63523],[120.49321,23.63313],[120.48873,23.6359],[120.48787,23.63071],[120.47926,23.63295],[120.47702,23.62954],[120.46614,23.63027],[120.45427,23.62631],[120.45105,23.62712],[120.45303,23.63069],[120.4445,23.63053],[120.44113,23.62597],[120.43529,23.62552],[120.43704,23.62191],[120.42538,23.61801],[120.4218,23.61962],[120.4207,23.62516],[120.4158,23.62138],[120.40663,23.62518],[120.40462,23.63419],[120.40089,23.63215],[120.40264,23.62694],[120.38605,23.6207],[120.37999,23.61001],[120.36651,23.60781],[120.36571,23.60247],[120.35906,23.59505],[120.33444,23.59267],[120.33312,23.5792],[120.327,23.57417],[120.30744,23.57465],[120.31055,23.56445],[120.29037,23.56257],[120.29077,23.55054],[120.27636,23.54347],[120.27191,23.53075],[120.26345,23.53353],[120.2561,23.54609],[120.24336,23.54361],[120.24708,23.51527],[120.2391,23.50769],[120.22305,23.50432],[120.19854,23.51304],[120.18098,23.50985],[120.16659,23.51723],[120.15814,23.51592],[120.14585,23.52082],[120.14538,23.52646],[120.15028,23.53193],[120.14114,23.54539],[120.13767,23.56198],[120.1415,23.56301],[120.14311,23.56765],[120.14075,23.58379],[120.14481,23.59729],[120.14148,23.60152],[120.13964,23.59849],[120.13996,23.61407],[120.13302,23.61569],[120.13347,23.6195],[120.13717,23.62039],[120.13791,23.63463],[120.13538,23.6359],[120.13121,23.62436],[120.12523,23.62137],[120.11444,23.63441],[120.12547,23.64572],[120.13922,23.68423],[120.14603,23.69271],[120.14692,23.70675],[120.15619,23.71546],[120.16581,23.7419],[120.16919,23.75893],[120.16292,23.77247],[120.16289,23.77971],[120.15676,23.78455],[120.17546,23.80314],[120.17043,23.80666],[120.17499,23.80582],[120.18109,23.80979],[120.18255,23.81619],[120.19169,23.81825],[120.20151,23.82841],[120.20835,23.84022],[120.20463,23.84766],[120.21432,23.85072],[120.22036,23.86622],[120.23736,23.84681],[120.25502,23.83425],[120.30656,23.82071]]]]}},{"type":"Feature","properties":{"code":"10013","name":"屏東縣"},"geometry":{"type":"MultiPolygon","coordinates":[[[[120.37964,22.35598],[120.38849,22.35068],[120.38801,22.34273],[120.36312,22.32358],[120.35465,22.32326],[120.35362,22.32941],[120.36324,22.34002],[120.36111,22.34652],[120.36742,22.35211],[120.37964,22.35598]]],[[[120.6491,22.87696],[120.65677,22.88111],[120.66005,22.86066],[120.67211,22.85635],[120.67672,22.85725],[120.67897,22.86287],[120.69054,22.86487],[120.70454,22.88067],[120.72502,22.88083],[120.75504,22.86468],[120.76215,22.85681],[120.76416,22.84899],[120.77871,22.8352],[120.79269,22.84112],[120.79335,22.85203],[120.80108,22.85103],[120.82296,22.86572],[120.83304,22.86627],[120.84027,22.86124],[120.84385,22.85343],[120.84835,22.85195],[120.85319,22.85762],[120.85993,22.85146],[120.8654,22.83561],[120.86163,22.82666],[120.86863,22.81685],[120.89119,22.81162],[120.90344,22.79928],[120.90382,22.77558],[120.89196,22.7637],[120.89481,22.76258],[120.89563,22.75616],[120.89503,22.7386],[120.88351,22.71707],[120.86167,22.7167],[120.85839,22.71362],[120.85488,22.71755],[120.84851,22.71695],[120.84024,22.70667],[120.83723,22.69734],[120.81988,22.6956],[120.81911,22.69103],[120.81144,22.69204],[120.8091,22.68826],[120.78679,22.69291],[120.79157,22.67918],[120.78622,22.67204],[120.78622,22.66254],[120.76131,22.63004],[120.75487,22.61698],[120.75464,22.60078],[120.7458,22.58955],[120.74878,22.5723],[120.74153,22.56867],[120.73905,22.55366],[120.75002,22.53402],[120.75363,22.51104],[120.76434,22.49539],[120.76368,22.49092],[120.75855,22.48841],[120.75746,22.48183],[120.75081,22.47915],[120.75457,22.4714],[120.75105,22.45902],[120.77611,22.45019],[120.77513,22.4433],[120.78964,22.41765],[120.77339,22.40693],[120.76531,22.40905],[120.75342,22.40506],[120.7576,22.39818],[120.75214,22.39267],[120.75648,22.38838],[120.7505,22.38409],[120.74878,22.37325],[120.74346,22.36726],[120.75267,22.36039],[120.76298,22.35915],[120.76726,22.34761],[120.77518,22.34935],[120.78472,22.34578],[120.79247,22.33562],[120.79659,22.31717],[120.78713,22.30921],[120.77815,22.3085],[120.77774,22.29797],[120.78977,22.29342],[120.79321,22.28579],[120.80562,22.28394],[120.80677,22.27716],[120.79806,22.27638],[120.79629,22.26992],[120.79958,22.2651],[120.79906,22.25716],[120.8154,22.26322],[120.82591,22.25665],[120.83462,22.24537],[120.85883,22.24071],[120.8643,22.23429],[120.86219,22.23068],[120.88062,22.2347],[120.88418,22.24071],[120.89629,22.24643],[120.89927,22.23404],[120.89417,22.2206],[120.89641,22.20349],[120.8907,22.19533],[120.89423,22.17256],[120.89256,22.15032],[120.89708,22.14343],[120.88662,22.12805],[120.89246,22.10974],[120.90204,22.1053],[120.8988,22.10099],[120.89914,22.09443],[120.89408,22.08861],[120.89296,22.06798],[120.89392,22.04836],[120.90125,22.03414],[120.88923,22.02576],[120.88708,22.01645],[120.87823,22.01071],[120.87929,22.00573],[120.87579,21.99885],[120.86159,21.99082],[120.84669,21.98715],[120.84432,21.98086],[120.84276,21.94772],[120.84892,21.93381],[120.86201,21.9189],[120.86202,21.90895],[120.86713,21.90273],[120.86565,21.89874],[120.8586,21.8956],[120.85021,21.89732],[120.84661,21.90291],[120.84563,21.91442],[120.83625,21.91652],[120.82222,21.93436],[120.81263,21.93354],[120.80422,21.93962],[120.79915,21.93741],[120.79431,21.94316],[120.78302,21.94354],[120.77107,21.95153],[120.76645,21.95867],[120.75509,21.95643],[120.75267,21.95075],[120.74844,21.94946],[120.74847,21.94181],[120.74517,21.94273],[120.74709,21.93181],[120.74405,21.93221],[120.73996,21.92664],[120.73962,21.91943],[120.72681,21.91877],[120.71903,21.92726],[120.71906,21.93314],[120.71058,21.93411],[120.71414,21.97876],[120.70469,21.99469],[120.69383,22.00259],[120.68478,22.02562],[120.69385,22.04153],[120.69689,22.04094],[120.69441,22.04826],[120.69757,22.05499],[120.70527,22.05751],[120.70573,22.07074],[120.6993,22.08279],[120.71685,22.09325],[120.71586,22.10483],[120.70905,22.12275],[120.69803,22.13817],[120.69994,22.14832],[120.69459,22.15739],[120.69547,22.16645],[120.68402,22.19697],[120.68478,22.21046],[120.67276,22.22482],[120.67188,22.23342],[120.65792,22.24286],[120.65791,22.2471],[120.65016,22.25237],[120.6521,22.26824],[120.64271,22.29107],[120.64206,22.30305],[120.6305,22.31922],[120.60564,22.34021],[120.59894,22.35575],[120.58557,22.36939],[120.51752,22.40898],[120.51755,22.41149],[120.50854,22.41215],[120.45854,22.43936],[120.43601,22.45947],[120.4331,22.46836],[120.42443,22.46871],[120.42573,22.49817],[120.42286,22.51845],[120.43087,22.54401],[120.43657,22.54756],[120.442,22.56006],[120.44703,22.58646],[120.44573,22.59897],[120.43742,22.60747],[120.43368,22.6176],[120.43606,22.66134],[120.43966,22.67854],[120.44883,22.69118],[120.4554,22.71666],[120.45378,22.76933],[120.46403,22.80029],[120.46876,22.83067],[120.47624,22.83819],[120.48421,22.83555],[120.49274,22.83729],[120.49769,22.83171],[120.50999,22.82851],[120.53057,22.83298],[120.53643,22.82927],[120.55326,22.8284],[120.60582,22.87321],[120.61562,22.87683],[120.62117,22.87569],[120.64503,22.88518],[120.6491,22.87696]]]]}},{"type":"Feature","properties":{"code":"10017","name":"基隆市"},"geometry":{"type":"MultiPolygon","coordinates":[[[[121.71016,25.17604],[121.70861,25.16517],[121.72468,25.16578],[121.73394,25.16145],[121.73417,25.15818],[121.73852,25.16101],[121.7485,25.15625],[121.75497,25.16243],[121.75616,25.15952],[121.76214,25.16031],[121.76339,25.16408],[121.78036,25.15878],[121.7727,25.15559],[121.77769,25.15147],[121.78198,25.15274],[121.7932,25.14687],[121.80815,25.14774],[121.80244,25.14064],[121.80545,25.13037],[121.80317,25.12222],[121.79452,25.12617],[121.79888,25.11924],[121.79777,25.11431],[121.79035,25.11219],[121.78592,25.11819],[121.77339,25.12026],[121.76691,25.11252],[121.75,25.10966],[121.75274,25.10684],[121.75606,25.10841],[121.7568,25.10182],[121.75989,25.10062],[121.76125,25.07887],[121.76942,25.0779],[121.7757,25.07],[121.76392,25.05739],[121.75688,25.05934],[121.74591,25.05299],[121.73211,25.05271],[121.71237,25.06803],[121.69952,25.06739],[121.68842,25.07174],[121.6791,25.07878],[121.68121,25.08802],[121.67403,25.08292],[121.65072,25.09845],[121.64894,25.10191],[121.65222,25.10474],[121.64617,25.1138],[121.64318,25.12768],[121.62792,25.13586],[121.62919,25.14172],[121.63982,25.14584],[121.64962,25.14489],[121.65828,25.15223],[121.6776,25.15573],[121.69129,25.16632],[121.69895,25.16722],[121.70225,25.17352],[121.71016,25.17604]]],[[[121.7881,25.19568],[121.78892,25.19207],[121.78162,25.19003],[121.7881,25.19568]]],[[[122.10697,25.48736],[122.10518,25.48201],[122.10327,25.48602],[122.10697,25.48736]]],[[[122.07836,25.63314],[122.08396,25.63319],[122.08506,25.63034],[122.07922,25.62297],[122.07203,25.62853],[122.07366,25.63249],[122.07836,25.63314]]]]}},{"type":"Feature","properties":{"code":"63000","name":"臺北市"},"geometry":{"type":"Polygon","coordinates":[[[121.57099,25.19717],[121.58376,25.19459],[121.58087,25.18179],[121.5835,25.17684],[121.57707,25.167],[121.58987,25.16372],[121.59184,25.15589],[121.58939,25.15239],[121.59358,25.1503],[121.59839,25.14031],[121.60569,25.13674],[121.60459,25.13085],[121.60784,25.13017],[121.60172,25.12603],[121.59657,25.11116],[121.61541,25.10387],[121.62622,25.09609],[121.62798,25.08325],[121.61613,25.06392],[121.62426,25.05548],[121.6203,25.05645],[121.61652,25.04801],[121.62493,25.03772],[121.64672,25.02799],[121.66594,25.02988],[121.66284,25.02275],[121.65382,25.02442],[121.64634,25.02171],[121.63236,25.02563],[121.6234,25.0173],[121.60926,25.02095],[121.60413,25.01909],[121.60263,25.01508],[121.59741,25.01469],[121.59591,25.00451],[121.60047,25.00108],[121.59814,24.99449],[121.60197,24.99029],[121.59951,24.97815],[121.62002,24.96945],[121.60124,24.96089],[121.57864,24.96659],[121.56122,24.96471],[121.55368,24.97742],[121.55244,24.9869],[121.54506,24.98367],[121.54417,24.98821],[121.5369,24.98865],[121.53518,24.99513],[121.5317,24.99051],[121.53212,25.0082],[121.51845,25.01999],[121.50912,25.02134],[121.49973,25.01154],[121.49266,25.00953],[121.48367,25.0363],[121.48882,25.04257],[121.49704,25.04358],[121.5047,25.04984],[121.50586,25.07541],[121.49977,25.08723],[121.48875,25.09714],[121.48075,25.10095],[121.4661,25.10172],[121.45717,25.10773],[121.46094,25.1162],[121.45879,25.12294],[121.46483,25.12426],[121.46571,25.13169],[121.48286,25.15022],[121.48747,25.15144],[121.50257,25.17325],[121.51995,25.16927],[121.52178,25.17918],[121.5411,25.18738],[121.54337,25.19403],[121.55194,25.19783],[121.55174,25.20355],[121.55917,25.21014],[121.56268,25.20944],[121.56484,25.20101],[121.57099,25.19717]]]}},{"type":"Feature","properties":{"code":"65000","name":"新北市"},"geometry":{"type":"Polygon","coordinates":[[[121.53753,25.30003],[121.54122,25.29459],[121.55039,25.29163],[121.56567,25.29326],[121.56931,25.29845],[121.57755,25.29895],[121.58869,25.29262],[121.59795,25.29148],[121.60793,25.28145],[121.61786,25.27814],[121.63413,25.26003],[121.63479,25.2385],[121.64315,25.23072],[121.64869,25.23011],[121.64694,25.23303],[121.65216,25.23327],[121.65378,25.22933],[121.65002,25.223],[121.65352,25.21619],[121.67006,25.20297],[121.67444,25.20236],[121.67809,25.20595],[121.6793,25.20282],[121.686,25.20819],[121.6889,25.20523],[121.68849,25.20832],[121.69267,25.20816],[121.69652,25.21466],[121.70238,25.21714],[121.69277,25.20668],[121.69273,25.20331],[121.696,25.20392],[121.6947,25.20042],[121.68573,25.19003],[121.69267,25.18013],[121.69669,25.18279],[121.70884,25.17544],[121.6776,25.15573],[121.65828,25.15223],[121.64962,25.14489],[121.63982,25.14584],[121.62679,25.13964],[121.63314,25.13099],[121.64318,25.12768],[121.64617,25.1138],[121.65222,25.10474],[121.64894,25.10191],[121.65072,25.09845],[121.67403,25.08292],[121.68121,25.08802],[121.6791,25.07878],[121.68842,25.07174],[121.69952,25.06739],[121.71237,25.06803],[121.73211,25.05271],[121.74591,25.05299],[121.75688,25.05934],[121.76403,25.05744],[121.7757,25.07],[121.76942,25.0779],[121.76125,25.07887],[121.75989,25.10062],[121.7568,25.10182],[121.75606,25.10841],[121.75274,25.10684],[121.75003,25.10972],[121.76691,25.11252],[121.77353,25.12027],[121.78592,25.11819],[121.79016,25.11226],[121.79468,25.11257],[121.79888,25.11924],[121.79461,25.12639],[121.80237,25.12177],[121.80502,25.12533],[121.80351,25.1362],[121.81043,25.1331],[121.82661,25.13599],[121.81942,25.12863],[121.82253,25.12144],[121.82797,25.12219],[121.82881,25.12765],[121.84186,25.12886],[121.85608,25.12481],[121.86248,25.12633],[121.86504,25.12314],[121.87599,25.12556],[121.89707,25.11969],[121.90453,25.12432],[121.91476,25.12424],[121.92402,25.13012],[121.92679,25.12884],[121.91604,25.11386],[121.9232,25.11328],[121.92655,25.10815],[121.91945,25.10225],[121.91959,25.09485],[121.91443,25.08975],[121.91442,25.08548],[121.91554,25.07664],[121.92846,25.07087],[121.93172,25.06312],[121.92888,25.04303],[121.93206,25.03586],[121.94711,25.02106],[121.97789,25.02661],[121.99017,25.02106],[121.99118,25.01295],[121.99777,25.02076],[122.0075,25.01173],[122.00516,25.00155],[121.99668,25.00076],[121.9893,24.99375],[121.9668,24.98246],[121.96108,24.98829],[121.94464,24.98818],[121.9335,24.9809],[121.91487,24.97935],[121.91033,24.97477],[121.90283,24.97438],[121.8972,24.96707],[121.88857,24.96318],[121.87155,24.96072],[121.86112,24.96367],[121.84686,24.96027],[121.84141,24.95426],[121.83905,24.94464],[121.85394,24.92564],[121.83596,24.90796],[121.81838,24.90271],[121.81164,24.90652],[121.80462,24.90119],[121.792,24.89987],[121.79302,24.89624],[121.78168,24.88947],[121.78521,24.87419],[121.77733,24.87076],[121.77548,24.86512],[121.76832,24.86571],[121.76099,24.8567],[121.74578,24.85285],[121.73042,24.85524],[121.71427,24.84178],[121.70187,24.8344],[121.6964,24.83462],[121.69617,24.82989],[121.68764,24.8249],[121.69012,24.82149],[121.68831,24.81612],[121.68124,24.81762],[121.67436,24.81412],[121.66905,24.81801],[121.66069,24.81083],[121.64732,24.81395],[121.64504,24.80929],[121.62583,24.80878],[121.62547,24.79506],[121.62096,24.7925],[121.60964,24.79377],[121.60564,24.78913],[121.59208,24.78773],[121.59759,24.77217],[121.58897,24.75515],[121.59613,24.7483],[121.59167,24.74492],[121.59531,24.73963],[121.59377,24.72954],[121.59755,24.72767],[121.58738,24.72019],[121.57831,24.72236],[121.57481,24.71011],[121.57038,24.71397],[121.55649,24.71127],[121.55062,24.70574],[121.54321,24.70564],[121.53786,24.69984],[121.53674,24.68841],[121.5275,24.68882],[121.5238,24.6833],[121.51174,24.68435],[121.49301,24.67324],[121.48,24.67385],[121.47395,24.68533],[121.47424,24.6961],[121.45022,24.70568],[121.44096,24.72608],[121.43428,24.73002],[121.42849,24.75345],[121.4233,24.76202],[121.42623,24.76783],[121.44961,24.78619],[121.45038,24.79093],[121.44571,24.79013],[121.43774,24.7961],[121.43657,24.81205],[121.42957,24.81528],[121.42365,24.82543],[121.41692,24.82557],[121.41385,24.83196],[121.41561,24.8356],[121.40284,24.84355],[121.38808,24.84241],[121.38335,24.83698],[121.37362,24.83328],[121.36018,24.83811],[121.35475,24.84399],[121.33614,24.8438],[121.33727,24.84841],[121.34786,24.85095],[121.34872,24.84835],[121.35265,24.8491],[121.35479,24.85335],[121.35813,24.85337],[121.34505,24.86694],[121.35445,24.87347],[121.34563,24.88005],[121.34468,24.88585],[121.34114,24.88799],[121.34213,24.89259],[121.33351,24.89159],[121.33325,24.89943],[121.32717,24.8959],[121.32032,24.9002],[121.32621,24.90918],[121.31759,24.91636],[121.32491,24.92352],[121.3398,24.9285],[121.32206,24.92804],[121.32322,24.93128],[121.31578,24.93847],[121.33161,24.94554],[121.32798,24.94936],[121.32854,24.97193],[121.32368,24.97282],[121.32861,24.97627],[121.32739,24.97844],[121.34268,24.98232],[121.34715,24.97884],[121.35235,24.98085],[121.35409,24.9778],[121.36391,24.97959],[121.36914,24.97682],[121.38546,24.98604],[121.38418,24.99571],[121.39402,24.99342],[121.40304,24.99905],[121.39952,25.00697],[121.39116,25.0121],[121.39265,25.01558],[121.41213,25.01884],[121.39827,25.0301],[121.40107,25.03773],[121.39068,25.04185],[121.40069,25.04324],[121.3983,25.04411],[121.40307,25.04566],[121.39392,25.04919],[121.39853,25.04847],[121.4007,25.05139],[121.39104,25.05358],[121.39262,25.05507],[121.38444,25.05256],[121.38744,25.05491],[121.3856,25.05811],[121.38859,25.05685],[121.38768,25.05972],[121.39095,25.06089],[121.38831,25.06306],[121.37654,25.0661],[121.35489,25.06515],[121.35377,25.06858],[121.34645,25.0703],[121.35346,25.07329],[121.3499,25.07354],[121.34992,25.07663],[121.34796,25.0738],[121.34053,25.07408],[121.34798,25.0788],[121.34247,25.08009],[121.3495,25.08225],[121.3383,25.08374],[121.32487,25.0926],[121.30285,25.09676],[121.29831,25.10449],[121.29162,25.10264],[121.29025,25.10686],[121.28275,25.10963],[121.28339,25.11781],[121.2926,25.1191],[121.29671,25.12617],[121.32014,25.12342],[121.34503,25.12842],[121.35994,25.13475],[121.36527,25.14017],[121.38977,25.14774],[121.38783,25.15192],[121.39152,25.16793],[121.40257,25.15883],[121.40887,25.1649],[121.40551,25.16799],[121.40894,25.16497],[121.41885,25.17741],[121.41637,25.18066],[121.4043,25.18309],[121.40486,25.18983],[121.41901,25.19185],[121.41827,25.19742],[121.42467,25.20792],[121.43087,25.21589],[121.43764,25.21802],[121.44582,25.24256],[121.45269,25.25281],[121.46251,25.25205],[121.47157,25.25599],[121.48095,25.27088],[121.509,25.28293],[121.51072,25.292],[121.51691,25.2849],[121.52852,25.28705],[121.53452,25.29113],[121.53376,25.29706],[121.53753,25.30003]],[[121.55216,25.19824],[121.5447,25.19556],[121.54102,25.18732],[121.52568,25.18276],[121.52173,25.17912],[121.51995,25.16927],[121.50257,25.17325],[121.48747,25.15144],[121.48286,25.15022],[121.46571,25.13169],[121.46483,25.12426],[121.45879,25.12294],[121.46094,25.1162],[121.45719,25.10763],[121.4661,25.10172],[121.48075,25.10095],[121.48875,25.09714],[121.49977,25.08723],[121.50586,25.07541],[121.5047,25.04984],[121.49704,25.04358],[121.48882,25.04257],[121.48367,25.0363],[121.49266,25.00953],[121.49973,25.01154],[121.50912,25.02134],[121.51845,25.01999],[121.53212,25.0082],[121.5317,24.99051],[121.53518,24.99513],[121.5369,24.98865],[121.54417,24.98821],[121.54506,24.98367],[121.55244,24.9869],[121.55368,24.97742],[121.56122,24.96471],[121.57864,24.96659],[121.60124,24.96089],[121.62002,24.96945],[121.59951,24.97815],[121.60197,24.99029],[121.59814,24.99449],[121.60047,25.00108],[121.59591,25.00451],[121.59741,25.01469],[121.60263,25.01508],[121.60413,25.01909],[121.60926,25.02095],[121.6234,25.0173],[121.63236,25.02563],[121.64634,25.02171],[121.65382,25.02442],[121.66284,25.02275],[121.66594,25.02988],[121.64672,25.02799],[121.62493,25.03772],[121.61906,25.04354],[121.61634,25.05064],[121.62087,25.05342],[121.62053,25.05665],[121.62426,25.05576],[121.61613,25.06392],[121.62861,25.08647],[121.62554,25.097],[121.61541,25.10387],[121.59838,25.10891],[121.59549,25.11349],[121.60172,25.12603],[121.60784,25.13017],[121.60459,25.13085],[121.60569,25.13674],[121.59839,25.14031],[121.59358,25.1503],[121.58939,25.15239],[121.59184,25.15589],[121.58987,25.16372],[121.57707,25.167],[121.5835,25.17684],[121.58087,25.18179],[121.58376,25.19459],[121.57175,25.19538],[121.55975,25.21017],[121.55174,25.20355],[121.55216,25.19824]]]}},{"type":"Feature","properties":{"code":"67000","name":"臺南市"},"geometry":{"type":"Polygon","coordinates":[[[120.44025,23.41308],[120.47325,23.39817],[120.47942,23.38759],[120.49032,23.39562],[120.49494,23.39436],[120.49903,23.3874],[120.4844,23.37948],[120.48394,23.36957],[120.48873,23.37307],[120.49947,23.36803],[120.50484,23.3689],[120.51243,23.35983],[120.51084,23.354],[120.50472,23.35468],[120.50509,23.34481],[120.53372,23.33647],[120.54,23.32787],[120.52255,23.31175],[120.52628,23.29533],[120.52186,23.28809],[120.52043,23.27178],[120.5323,23.25505],[120.52997,23.24795],[120.51966,23.2379],[120.5263,23.23113],[120.52959,23.23257],[120.54151,23.22783],[120.55498,23.21747],[120.56137,23.21741],[120.56529,23.22098],[120.57826,23.21478],[120.58661,23.22416],[120.59248,23.23985],[120.59724,23.22904],[120.60982,23.22264],[120.62838,23.22945],[120.65435,23.22431],[120.65625,23.21764],[120.65146,23.20851],[120.64345,23.20354],[120.63656,23.19025],[120.6411,23.18296],[120.63606,23.17501],[120.6292,23.17425],[120.63066,23.17006],[120.62124,23.16296],[120.61654,23.1631],[120.61111,23.1559],[120.61185,23.1517],[120.60111,23.14417],[120.58852,23.12353],[120.58808,23.1141],[120.57413,23.09486],[120.5745,23.09088],[120.5545,23.06883],[120.53007,23.05582],[120.50372,23.02865],[120.48407,23.01706],[120.47989,23.00271],[120.4605,23.00359],[120.46111,22.99077],[120.45471,22.99062],[120.45301,22.97775],[120.44469,22.97954],[120.44264,22.97732],[120.41595,22.91596],[120.40868,22.91234],[120.39863,22.92243],[120.39217,22.92229],[120.3868,22.91826],[120.38166,22.92116],[120.37116,22.91227],[120.37249,22.90664],[120.35947,22.90142],[120.36108,22.8978],[120.35329,22.89238],[120.35517,22.89043],[120.35198,22.8875],[120.34909,22.89057],[120.33227,22.88932],[120.32488,22.90046],[120.31956,22.89496],[120.31417,22.89978],[120.28457,22.90472],[120.27799,22.90441],[120.2795,22.89629],[120.27299,22.89541],[120.25899,22.90188],[120.25683,22.89954],[120.25869,22.89518],[120.25416,22.89426],[120.24286,22.90351],[120.23291,22.90555],[120.22931,22.91692],[120.21811,22.90962],[120.19206,22.92119],[120.17475,22.9117],[120.17685,22.91264],[120.173,22.91929],[120.17518,22.93298],[120.17201,22.94969],[120.16281,22.96498],[120.15536,22.96474],[120.1595,22.97314],[120.14035,22.99334],[120.14109,22.99598],[120.09404,23.02888],[120.06517,23.04325],[120.05796,23.0431],[120.03898,23.06805],[120.02691,23.06793],[120.0379,23.10847],[120.04394,23.11919],[120.05504,23.1257],[120.05284,23.13064],[120.06047,23.16344],[120.08005,23.20901],[120.08062,23.23757],[120.08935,23.24963],[120.09218,23.25961],[120.09433,23.295],[120.11081,23.3104],[120.11361,23.32226],[120.11102,23.33183],[120.11808,23.34016],[120.14708,23.32107],[120.14966,23.31325],[120.16834,23.30701],[120.18011,23.29109],[120.18927,23.29047],[120.18579,23.2966],[120.18841,23.30123],[120.20428,23.2919],[120.21235,23.29169],[120.22264,23.29832],[120.23759,23.32665],[120.2564,23.33107],[120.26705,23.34063],[120.2675,23.34476],[120.26071,23.34447],[120.26604,23.35258],[120.27332,23.35273],[120.27791,23.3477],[120.28621,23.35027],[120.28367,23.36],[120.28589,23.36722],[120.29274,23.37532],[120.31095,23.37544],[120.311,23.38557],[120.31477,23.38846],[120.32179,23.38353],[120.33334,23.38585],[120.34633,23.40038],[120.38425,23.40408],[120.40811,23.41343],[120.41049,23.41017],[120.4163,23.41042],[120.42,23.40346],[120.42207,23.4071],[120.43031,23.40648],[120.43225,23.41082],[120.44025,23.41308]]]}},{"type":"Feature","properties":{"code":"68000","name":"桃園市"},"geometry":{"type":"Polygon","coordinates":[[[121.26382,25.12197],[121.28339,25.11781],[121.28295,25.10936],[121.29025,25.10686],[121.29162,25.10264],[121.29916,25.10403],[121.30285,25.09676],[121.32487,25.0926],[121.3383,25.08374],[121.34938,25.08233],[121.34247,25.08009],[121.34798,25.0788],[121.34053,25.07408],[121.34796,25.0738],[121.34992,25.07663],[121.3499,25.07354],[121.35346,25.07329],[121.34645,25.0703],[121.35377,25.06858],[121.35489,25.06515],[121.37668,25.06609],[121.39108,25.06152],[121.38768,25.05972],[121.38864,25.05688],[121.3856,25.05811],[121.38744,25.05491],[121.38444,25.05256],[121.39262,25.05507],[121.39104,25.05358],[121.4007,25.05139],[121.39853,25.04847],[121.39392,25.04919],[121.40307,25.04566],[121.3983,25.04411],[121.40069,25.04324],[121.39068,25.04185],[121.40107,25.03773],[121.39827,25.0301],[121.41216,25.0194],[121.39249,25.01548],[121.39119,25.01203],[121.39952,25.00697],[121.40324,24.99933],[121.39402,24.99342],[121.38418,24.99571],[121.38546,24.98604],[121.36968,24.97704],[121.36391,24.97959],[121.35409,24.9778],[121.35235,24.98085],[121.34715,24.97884],[121.34268,24.98232],[121.32725,24.97833],[121.32861,24.97627],[121.32365,24.97199],[121.32854,24.97193],[121.32798,24.94936],[121.33161,24.94554],[121.31578,24.93847],[121.32322,24.93128],[121.32206,24.92804],[121.3398,24.9285],[121.32491,24.92352],[121.31759,24.91636],[121.32621,24.90918],[121.32032,24.9002],[121.32717,24.8959],[121.33325,24.89943],[121.33351,24.89159],[121.34213,24.89259],[121.34114,24.88799],[121.34468,24.88585],[121.34563,24.88005],[121.35445,24.87347],[121.34505,24.86694],[121.35813,24.85337],[121.35479,24.85335],[121.35265,24.8491],[121.34872,24.84835],[121.34786,24.85095],[121.33727,24.84841],[121.336,24.84393],[121.35475,24.84399],[121.36018,24.83811],[121.37362,24.83328],[121.39353,24.84395],[121.40706,24.84171],[121.41561,24.8356],[121.41385,24.83196],[121.41692,24.82557],[121.42365,24.82543],[121.42957,24.81528],[121.43657,24.81205],[121.43827,24.79534],[121.44571,24.79013],[121.45039,24.79092],[121.44611,24.78185],[121.42623,24.76783],[121.4233,24.76202],[121.42849,24.75345],[121.43428,24.73002],[121.44096,24.72608],[121.45022,24.70568],[121.47424,24.6961],[121.47395,24.68533],[121.48,24.67385],[121.4595,24.67316],[121.44925,24.66165],[121.44761,24.65617],[121.45134,24.65092],[121.44508,24.64318],[121.44502,24.6373],[121.43609,24.6274],[121.42759,24.6057],[121.41829,24.60103],[121.41278,24.60365],[121.40305,24.59171],[121.39166,24.58651],[121.37278,24.59375],[121.36333,24.60313],[121.35882,24.61717],[121.36306,24.62067],[121.36642,24.63179],[121.35782,24.63371],[121.3524,24.64354],[121.35352,24.6678],[121.34548,24.66644],[121.34367,24.66939],[121.3392,24.66656],[121.33858,24.67996],[121.32417,24.69497],[121.31718,24.69814],[121.3039,24.69292],[121.29949,24.69557],[121.30762,24.7199],[121.29823,24.73224],[121.30772,24.75498],[121.30154,24.76301],[121.27717,24.771],[121.2706,24.77835],[121.26001,24.78196],[121.26047,24.79297],[121.24773,24.79672],[121.24744,24.80349],[121.24344,24.80869],[121.22161,24.79938],[121.21959,24.81179],[121.20467,24.80725],[121.20331,24.81731],[121.19878,24.81496],[121.18591,24.82382],[121.17366,24.82771],[121.17624,24.8321],[121.16011,24.83736],[121.15442,24.84406],[121.15004,24.84429],[121.16138,24.85947],[121.15567,24.88071],[121.13909,24.88244],[121.13559,24.87799],[121.11633,24.88168],[121.10777,24.88607],[121.11103,24.89127],[121.10908,24.89774],[121.09128,24.89336],[121.08345,24.89885],[121.07111,24.89948],[121.0691,24.90278],[121.05829,24.90521],[121.06096,24.92348],[121.05834,24.93684],[121.04856,24.93946],[121.04629,24.94355],[121.04055,24.94327],[121.03801,24.94639],[121.01937,24.94042],[121.0071,24.94622],[121.00293,24.94001],[120.9942,24.93914],[120.99241,24.93502],[120.98203,24.93997],[121.0099,24.97505],[121.01225,24.98876],[121.00937,24.99027],[121.01622,24.99536],[121.01927,25.00686],[121.02863,25.02058],[121.05606,25.04617],[121.08665,25.05644],[121.09002,25.06299],[121.10926,25.07121],[121.16059,25.08565],[121.21284,25.11058],[121.23962,25.11565],[121.23977,25.12318],[121.24374,25.11856],[121.25978,25.12361],[121.26382,25.12197]]]}},{"type":"Feature","properties":{"code":"10020","name":"嘉義市"},"geometry":{"type":"Polygon","coordinates":[[[120.44759,23.51819],[120.45711,23.51568],[120.45631,23.51177],[120.46412,23.49923],[120.46949,23.49958],[120.4735,23.50685],[120.48316,23.50536],[120.48377,23.49608],[120.48739,23.49215],[120.50126,23.48991],[120.50373,23.485],[120.50182,23.48093],[120.50935,23.47267],[120.49971,23.46539],[120.50066,23.46097],[120.49518,23.45286],[120.48941,23.45235],[120.47681,23.46198],[120.46874,23.46162],[120.46452,23.45561],[120.45471,23.45032],[120.45246,23.4445],[120.43956,23.43956],[120.43586,23.44358],[120.43804,23.44653],[120.4302,23.45218],[120.4293,23.46104],[120.41516,23.46027],[120.41128,23.46478],[120.39417,23.46252],[120.39928,23.47107],[120.39907,23.47842],[120.39338,23.48251],[120.39472,23.49075],[120.38979,23.49135],[120.39002,23.49936],[120.4002,23.49876],[120.40881,23.50657],[120.40839,23.49853],[120.41199,23.49901],[120.41675,23.50536],[120.43336,23.50903],[120.43362,23.51717],[120.44061,23.51193],[120.44062,23.51829],[120.44759,23.51819]]]}},{"type":"Feature","properties":{"code":"10010","name":"嘉義縣"},"geometry":{"type":"MultiPolygon","coordinates":[[[[120.15192,23.39274],[120.1502,23.38918],[120.14117,23.41251],[120.15192,23.39274]]],[[[120.49298,23.63317],[120.50587,23.6339],[120.51026,23.61933],[120.53737,23.59456],[120.55642,23.5929],[120.55786,23.58918],[120.57071,23.58804],[120.5814,23.58213],[120.58975,23.58572],[120.6102,23.58262],[120.619,23.58417],[120.62474,23.59054],[120.64746,23.59322],[120.64904,23.58274],[120.64346,23.57571],[120.64726,23.57669],[120.65082,23.57242],[120.66996,23.57878],[120.67624,23.57071],[120.69402,23.5765],[120.7089,23.57571],[120.71009,23.57116],[120.71795,23.56904],[120.7245,23.57189],[120.73616,23.57046],[120.73216,23.57713],[120.73399,23.58421],[120.7299,23.59364],[120.73271,23.59717],[120.72455,23.60377],[120.73,23.61059],[120.74748,23.61116],[120.75216,23.61476],[120.76428,23.61224],[120.77022,23.60596],[120.78313,23.60074],[120.79087,23.60094],[120.79492,23.59725],[120.81724,23.59978],[120.81984,23.59051],[120.82553,23.58637],[120.81991,23.57768],[120.82063,23.5624],[120.80883,23.54586],[120.80861,23.53619],[120.82035,23.52148],[120.82285,23.49867],[120.83264,23.47473],[120.83897,23.47122],[120.8632,23.47355],[120.88003,23.46762],[120.88671,23.47556],[120.91021,23.47623],[120.93096,23.47066],[120.93757,23.47305],[120.94752,23.46712],[120.95739,23.46896],[120.94844,23.46417],[120.93664,23.46378],[120.93475,23.45844],[120.92848,23.45549],[120.91617,23.45889],[120.9094,23.45754],[120.90567,23.45318],[120.90052,23.45409],[120.89515,23.44592],[120.89177,23.44661],[120.88676,23.43485],[120.88382,23.43626],[120.86452,23.42394],[120.8591,23.42512],[120.84978,23.42036],[120.84931,23.41201],[120.83841,23.39825],[120.84101,23.39492],[120.83687,23.39339],[120.83463,23.38668],[120.83097,23.3866],[120.82911,23.3758],[120.82542,23.37171],[120.80852,23.36839],[120.80429,23.37066],[120.80065,23.36064],[120.79199,23.35724],[120.78321,23.3422],[120.76846,23.34388],[120.76443,23.34167],[120.75807,23.34426],[120.75883,23.33644],[120.75238,23.33103],[120.75287,23.32704],[120.73231,23.31386],[120.73063,23.30561],[120.71217,23.3087],[120.70677,23.30473],[120.70283,23.29756],[120.70342,23.28909],[120.69954,23.28442],[120.67735,23.28784],[120.65843,23.29597],[120.652,23.29117],[120.64702,23.29744],[120.64374,23.2961],[120.64315,23.27598],[120.63829,23.26918],[120.64208,23.25681],[120.64923,23.24691],[120.64948,23.22864],[120.65277,23.22421],[120.62838,23.22945],[120.60982,23.22264],[120.59724,23.22904],[120.59248,23.23985],[120.58661,23.22416],[120.57826,23.21478],[120.56529,23.22098],[120.56137,23.21741],[120.55498,23.21747],[120.54151,23.22783],[120.52574,23.23153],[120.51904,23.23926],[120.52791,23.24536],[120.5323,23.25505],[120.52043,23.27178],[120.52186,23.28809],[120.52628,23.29533],[120.52255,23.31175],[120.54,23.32787],[120.53372,23.33647],[120.50509,23.34481],[120.50472,23.35468],[120.51084,23.354],[120.51243,23.35983],[120.50484,23.3689],[120.49947,23.36803],[120.48873,23.37307],[120.48394,23.36957],[120.4844,23.37948],[120.49903,23.3874],[120.49494,23.39436],[120.49032,23.39562],[120.47942,23.38759],[120.47325,23.39817],[120.44,23.41373],[120.43225,23.41082],[120.43031,23.40648],[120.42195,23.40704],[120.42006,23.40346],[120.4163,23.41042],[120.41049,23.41017],[120.40811,23.41343],[120.38425,23.40408],[120.34902,23.40122],[120.3431,23.39828],[120.33386,23.3861],[120.32331,23.38358],[120.31477,23.38846],[120.311,23.38557],[120.31095,23.37544],[120.29274,23.37532],[120.28589,23.36722],[120.28367,23.36],[120.28621,23.35027],[120.27774,23.34772],[120.27389,23.35245],[120.26722,23.35331],[120.26071,23.34447],[120.2675,23.34476],[120.26708,23.34069],[120.25744,23.33169],[120.23759,23.32665],[120.22087,23.296],[120.20594,23.29148],[120.18841,23.30123],[120.18579,23.2966],[120.18927,23.29047],[120.18055,23.29092],[120.16834,23.30701],[120.14966,23.31325],[120.14708,23.32107],[120.11807,23.34017],[120.1309,23.37044],[120.13166,23.38478],[120.14808,23.38553],[120.15206,23.3886],[120.15798,23.37981],[120.15819,23.38478],[120.154,23.38811],[120.15778,23.38579],[120.15926,23.38769],[120.15365,23.38896],[120.1555,23.39094],[120.16073,23.38879],[120.1637,23.39304],[120.15998,23.40612],[120.15414,23.40426],[120.15149,23.39853],[120.14941,23.40615],[120.14953,23.42303],[120.156,23.4273],[120.149,23.42553],[120.15047,23.42771],[120.14551,23.4286],[120.14689,23.43837],[120.1556,23.44826],[120.15097,23.44898],[120.15225,23.45485],[120.13869,23.44894],[120.13877,23.45266],[120.13539,23.4477],[120.13325,23.45158],[120.14482,23.45983],[120.14695,23.46518],[120.14487,23.4734],[120.15579,23.48407],[120.15523,23.49108],[120.16967,23.49051],[120.15786,23.49504],[120.13357,23.48815],[120.12467,23.48873],[120.11943,23.49549],[120.12038,23.51852],[120.1254,23.52047],[120.14245,23.51743],[120.14585,23.52082],[120.15814,23.51592],[120.16659,23.51723],[120.18098,23.50985],[120.19854,23.51304],[120.22305,23.50432],[120.23708,23.50695],[120.24708,23.51527],[120.24336,23.54361],[120.2561,23.54609],[120.26345,23.53353],[120.27191,23.53075],[120.27636,23.54347],[120.29077,23.55054],[120.29037,23.56257],[120.31055,23.56445],[120.30744,23.57465],[120.327,23.57417],[120.33312,23.5792],[120.33444,23.59267],[120.35906,23.59505],[120.36571,23.60247],[120.36651,23.60781],[120.37999,23.61001],[120.38605,23.6207],[120.40264,23.62694],[120.40147,23.6329],[120.40591,23.63362],[120.40663,23.62518],[120.4158,23.62138],[120.4207,23.62516],[120.4218,23.61962],[120.42538,23.61801],[120.43704,23.62191],[120.43529,23.62552],[120.44113,23.62597],[120.4445,23.63053],[120.45303,23.63069],[120.45105,23.62712],[120.45427,23.62631],[120.46614,23.63027],[120.47702,23.62954],[120.47926,23.63295],[120.48787,23.63071],[120.48873,23.6359],[120.49298,23.63317]],[[120.44659,23.51839],[120.44062,23.51829],[120.44061,23.51193],[120.43362,23.51717],[120.43336,23.50903],[120.41675,23.50536],[120.41199,23.49901],[120.40839,23.49853],[120.40881,23.50657],[120.4002,23.49876],[120.39447,23.50081],[120.38934,23.49865],[120.38979,23.49135],[120.39472,23.49075],[120.39344,23.48238],[120.39907,23.47842],[120.39928,23.47107],[120.39417,23.46252],[120.41128,23.46478],[120.41516,23.46027],[120.4293,23.46104],[120.4302,23.45218],[120.43804,23.44653],[120.43586,23.44358],[120.43956,23.43956],[120.45246,23.4445],[120.45471,23.45032],[120.46452,23.45561],[120.46874,23.46162],[120.47681,23.46198],[120.48941,23.45235],[120.49518,23.45286],[120.50066,23.46097],[120.49971,23.46539],[120.50935,23.47267],[120.50182,23.48093],[120.50373,23.485],[120.50126,23.48991],[120.48739,23.49215],[120.48377,23.49608],[120.48316,23.50536],[120.4735,23.50685],[120.46949,23.49958],[120.46412,23.49923],[120.45631,23.51177],[120.45711,23.51568],[120.44659,23.51839]]]]}},{"type":"Feature","properties":{"code":"09020","name":"金門縣"},"geometry":{"type":"MultiPolygon","coordinates":[[[[118.16038,24.37855],[118.15685,24.3772],[118.15137,24.38233],[118.16326,24.38132],[118.16038,24.37855]]],[[[118.16262,24.3949],[118.17279,24.38633],[118.16899,24.38421],[118.16183,24.38733],[118.15922,24.39324],[118.16262,24.3949]]],[[[118.24886,24.45636],[118.25805,24.45403],[118.26917,24.44598],[118.26983,24.43825],[118.26308,24.42253],[118.25464,24.42488],[118.24535,24.41364],[118.24149,24.41126],[118.24144,24.41432],[118.23544,24.41431],[118.2258,24.405],[118.22209,24.40879],[118.21352,24.40977],[118.21157,24.41248],[118.21637,24.41307],[118.21681,24.42807],[118.22385,24.43661],[118.2273,24.44787],[118.23337,24.45368],[118.24886,24.45636]]],[[[118.27769,24.45381],[118.26883,24.45248],[118.27205,24.45804],[118.27769,24.45381]]],[[[118.41131,24.53214],[118.41446,24.52831],[118.41919,24.53044],[118.43358,24.52501],[118.43154,24.52194],[118.43566,24.51448],[118.45011,24.511],[118.45074,24.50102],[118.45862,24.48701],[118.46894,24.48368],[118.46899,24.48044],[118.46343,24.47659],[118.46403,24.46769],[118.47034,24.45522],[118.47817,24.45026],[118.4742,24.44956],[118.47062,24.43975],[118.46619,24.44199],[118.46104,24.43815],[118.46651,24.43091],[118.46054,24.42368],[118.45732,24.42601],[118.45496,24.41627],[118.4262,24.40678],[118.42625,24.40933],[118.43231,24.40979],[118.42909,24.41037],[118.43021,24.41224],[118.4256,24.41098],[118.43302,24.41647],[118.42747,24.42389],[118.40922,24.42757],[118.41098,24.43142],[118.40902,24.42869],[118.40261,24.43498],[118.38547,24.43507],[118.35036,24.42055],[118.33871,24.40453],[118.33424,24.39109],[118.32212,24.38555],[118.30925,24.39021],[118.30486,24.39581],[118.29593,24.39571],[118.29084,24.40415],[118.278,24.41289],[118.28096,24.41703],[118.29092,24.41885],[118.30296,24.43848],[118.29535,24.46236],[118.28622,24.47482],[118.29274,24.48992],[118.31287,24.49552],[118.33629,24.47603],[118.35044,24.47166],[118.36312,24.47167],[118.38571,24.49359],[118.38404,24.5081],[118.39204,24.51161],[118.40077,24.52222],[118.39653,24.52573],[118.39771,24.52811],[118.4056,24.52747],[118.40731,24.53423],[118.41131,24.53214]]],[[[119.47405,24.98598],[119.47888,24.98588],[119.47621,24.97938],[119.46599,24.97995],[119.46782,24.98439],[119.47405,24.98598]]],[[[119.45834,24.98946],[119.45688,24.98524],[119.4473,24.98773],[119.44345,24.99872],[119.4558,24.99496],[119.45834,24.98946]]]]}},{"type":"Feature","properties":{"code":"64000","name":"高雄市"},"geometry":{"type":"MultiPolygon","coordinates":[[[[114.36981,10.37994],[114.36999,10.37724],[114.35968,10.37213],[114.36003,10.37629],[114.36981,10.37994]]],[[[116.71662,20.70967],[116.73188,20.70328],[116.73486,20.69748],[116.7106,20.70366],[116.71292,20.70519],[116.72338,20.69996],[116.721,20.70191],[116.72597,20.70492],[116.711,20.70627],[116.71662,20.70967]]],[[[120.96847,23.47123],[121.00846,23.46209],[121.01585,23.45161],[121.01047,23.44607],[121.01527,23.43541],[121.01295,23.43295],[121.02949,23.42218],[121.02491,23.4146],[121.02835,23.40376],[121.02175,23.39997],[121.01924,23.40152],[121.01464,23.39658],[121.00321,23.39479],[121.00113,23.39175],[121.00772,23.38466],[121.00009,23.38237],[120.98796,23.37057],[120.9871,23.35873],[121.00079,23.35619],[121.00757,23.35203],[121.0104,23.34581],[121.02005,23.35038],[121.02678,23.33781],[121.04878,23.32531],[121.04804,23.31378],[121.04602,23.30838],[121.03207,23.30379],[121.02384,23.29373],[121.01039,23.2927],[120.98659,23.28032],[120.97174,23.28171],[120.94669,23.25311],[120.94125,23.25195],[120.9379,23.24495],[120.93061,23.24246],[120.92653,23.24456],[120.91572,23.23787],[120.91157,23.22786],[120.91163,23.20955],[120.90673,23.20565],[120.90575,23.19955],[120.9116,23.1899],[120.91076,23.18169],[120.89872,23.17666],[120.895,23.16072],[120.87641,23.15133],[120.88576,23.14428],[120.88806,23.12244],[120.88497,23.11935],[120.8894,23.11044],[120.88563,23.08911],[120.86921,23.05969],[120.87975,23.04777],[120.87996,23.03552],[120.86161,23.03077],[120.86066,23.00805],[120.85823,23.00505],[120.85107,23.00513],[120.84909,22.99485],[120.84193,22.99093],[120.84118,22.984],[120.83246,22.98039],[120.82906,22.97439],[120.83014,22.96999],[120.82079,22.96197],[120.82475,22.95245],[120.82181,22.93526],[120.83329,22.91227],[120.82866,22.90397],[120.83354,22.89981],[120.84053,22.88195],[120.85973,22.87837],[120.86487,22.87255],[120.8642,22.86667],[120.85915,22.86345],[120.86957,22.85776],[120.86457,22.84308],[120.85319,22.85762],[120.84717,22.85197],[120.8375,22.86407],[120.82498,22.86646],[120.80108,22.85103],[120.79335,22.85203],[120.79269,22.84112],[120.77871,22.8352],[120.76416,22.84899],[120.76215,22.85681],[120.75504,22.86468],[120.72502,22.88083],[120.70454,22.88067],[120.69054,22.86487],[120.67897,22.86287],[120.67672,22.85725],[120.67211,22.85635],[120.66048,22.86],[120.65805,22.87971],[120.65532,22.88161],[120.64861,22.87705],[120.64503,22.88518],[120.62117,22.87569],[120.61509,22.87674],[120.60541,22.87297],[120.55326,22.8284],[120.53643,22.82927],[120.53057,22.83298],[120.50999,22.82851],[120.49769,22.83171],[120.49274,22.83729],[120.48421,22.83555],[120.47624,22.83819],[120.46876,22.83067],[120.46403,22.80029],[120.45596,22.78004],[120.45371,22.76086],[120.45574,22.71849],[120.45061,22.69621],[120.43966,22.67854],[120.43606,22.66134],[120.43368,22.6176],[120.43742,22.60747],[120.44573,22.59897],[120.44703,22.58646],[120.442,22.56006],[120.43657,22.54756],[120.43087,22.54401],[120.42286,22.51845],[120.42573,22.49817],[120.42443,22.46871],[120.40186,22.47388],[120.35872,22.50068],[120.33375,22.52141],[120.337,22.52485],[120.33335,22.52878],[120.32532,22.52348],[120.32536,22.52945],[120.32956,22.53377],[120.32524,22.53009],[120.32425,22.52276],[120.31244,22.51487],[120.28625,22.54379],[120.28913,22.54463],[120.29341,22.53843],[120.29696,22.54095],[120.30375,22.53269],[120.30761,22.53543],[120.31681,22.52423],[120.32183,22.52779],[120.30749,22.54525],[120.29854,22.5475],[120.30284,22.55777],[120.26303,22.60139],[120.2658,22.61053],[120.25613,22.6177],[120.26344,22.62645],[120.24986,22.65146],[120.25296,22.66504],[120.26446,22.67521],[120.26282,22.68904],[120.25805,22.68932],[120.2616,22.7014],[120.25649,22.71839],[120.24985,22.72421],[120.24365,22.74314],[120.23461,22.75987],[120.23124,22.76073],[120.23236,22.76607],[120.21538,22.80416],[120.21233,22.80761],[120.19791,22.80525],[120.19016,22.81359],[120.2073,22.82261],[120.19843,22.84441],[120.18977,22.84185],[120.19808,22.84461],[120.19292,22.84836],[120.19534,22.85019],[120.19111,22.85538],[120.19278,22.85714],[120.1892,22.85838],[120.19333,22.85936],[120.1897,22.86069],[120.19278,22.86522],[120.17475,22.9117],[120.19206,22.92119],[120.21811,22.90962],[120.22931,22.91692],[120.23291,22.90555],[120.24286,22.90351],[120.25416,22.89426],[120.25869,22.89518],[120.25683,22.89954],[120.25899,22.90188],[120.27299,22.89541],[120.2795,22.89629],[120.27799,22.90441],[120.28457,22.90472],[120.31417,22.89978],[120.31956,22.89496],[120.32488,22.90046],[120.33227,22.88932],[120.34909,22.89057],[120.35198,22.8875],[120.35517,22.89043],[120.35329,22.89238],[120.36108,22.8978],[120.35947,22.90142],[120.37249,22.90664],[120.37116,22.91227],[120.38166,22.92116],[120.3868,22.91826],[120.39217,22.92229],[120.39863,22.92243],[120.40868,22.91234],[120.41617,22.9161],[120.44264,22.97732],[120.44469,22.97954],[120.45301,22.97775],[120.45471,22.99062],[120.46111,22.99077],[120.4605,23.00359],[120.47989,23.00271],[120.48407,23.01706],[120.50372,23.02865],[120.53007,23.05582],[120.5545,23.06883],[120.5745,23.09088],[120.57413,23.09486],[120.58808,23.1141],[120.58852,23.12353],[120.60111,23.14417],[120.61185,23.1517],[120.61111,23.1559],[120.61654,23.1631],[120.62124,23.16296],[120.63066,23.17006],[120.6292,23.17425],[120.63606,23.17501],[120.6411,23.18296],[120.63695,23.19133],[120.65627,23.2179],[120.6553,23.22328],[120.64952,23.22846],[120.65131,23.23582],[120.64845,23.24925],[120.64208,23.25681],[120.63829,23.26918],[120.64315,23.27598],[120.64374,23.2961],[120.64702,23.29744],[120.652,23.29117],[120.65843,23.29597],[120.67735,23.28784],[120.69954,23.28442],[120.70342,23.28909],[120.70283,23.29756],[120.70677,23.30473],[120.71217,23.3087],[120.73063,23.30561],[120.73231,23.31386],[120.75287,23.32704],[120.75238,23.33103],[120.75883,23.33644],[120.75807,23.34426],[120.76443,23.34167],[120.76846,23.34388],[120.78321,23.3422],[120.79199,23.35724],[120.80065,23.36064],[120.80429,23.37066],[120.80852,23.36839],[120.82542,23.37171],[120.82911,23.3758],[120.83097,23.3866],[120.83463,23.38668],[120.83687,23.39339],[120.84101,23.39492],[120.83841,23.39825],[120.84931,23.41201],[120.84978,23.42036],[120.8591,23.42512],[120.86452,23.42394],[120.88382,23.43626],[120.88676,23.43485],[120.89177,23.44661],[120.89515,23.44592],[120.90052,23.45409],[120.90567,23.45318],[120.9094,23.45754],[120.91617,23.45889],[120.92848,23.45549],[120.93475,23.45844],[120.93664,23.46378],[120.94844,23.46417],[120.95751,23.4695],[120.96847,23.47123]]]]}},{"type":"Feature","properties":{"code":"10014","name":"臺東縣"},"geometry":{"type":"MultiPolygon","coordinates":[[[[121.61179,21.9429],[121.60767,21.94296],[121.60353,21.95157],[121.61426,21.95506],[121.6164,21.94505],[121.61179,21.9429]]],[[[121.50489,22.08473],[121.51252,22.08051],[121.52891,22.07965],[121.56963,22.08291],[121.56782,22.07318],[121.57608,22.05939],[121.56692,22.05757],[121.56407,22.04871],[121.56731,22.03951],[121.6027,22.01983],[121.59308,22.00181],[121.58746,21.99978],[121.57971,22.00497],[121.57027,22.00218],[121.56939,22.00876],[121.55769,22.02115],[121.5477,22.02595],[121.53809,22.02453],[121.52492,22.03854],[121.52091,22.03871],[121.51718,22.04577],[121.50865,22.04643],[121.51083,22.04957],[121.50683,22.05707],[121.51002,22.06767],[121.49934,22.08053],[121.50489,22.08473]]],[[[121.49154,22.67746],[121.49347,22.67509],[121.51,22.67707],[121.51117,22.6693],[121.50691,22.65717],[121.50877,22.65384],[121.50219,22.6522],[121.49953,22.6459],[121.50774,22.6346],[121.50623,22.63259],[121.49967,22.63508],[121.49522,22.63249],[121.48881,22.64262],[121.4735,22.64648],[121.47531,22.65871],[121.46467,22.67148],[121.46602,22.67647],[121.47984,22.67408],[121.49154,22.67746]]],[[[121.44769,23.44359],[121.46158,23.44154],[121.46344,23.43887],[121.47331,23.44062],[121.48245,23.43017],[121.4905,23.43526],[121.49609,23.43483],[121.48408,23.41074],[121.48204,23.39728],[121.47799,23.39529],[121.47486,23.38662],[121.47221,23.35243],[121.46764,23.34562],[121.46775,23.33194],[121.46239,23.31281],[121.45405,23.31351],[121.44745,23.30932],[121.44167,23.29717],[121.43287,23.28813],[121.4149,23.23493],[121.41573,23.22788],[121.42039,23.22632],[121.41004,23.21354],[121.40282,23.21225],[121.39702,23.20512],[121.39837,23.18571],[121.40389,23.17809],[121.40294,23.17182],[121.40775,23.16684],[121.405,23.15411],[121.39944,23.14898],[121.3998,23.13512],[121.40648,23.12565],[121.41368,23.12409],[121.42315,23.12776],[121.42459,23.12566],[121.41167,23.12329],[121.40702,23.11589],[121.39516,23.11343],[121.38294,23.09549],[121.3673,23.09653],[121.36302,23.09349],[121.35508,23.07966],[121.35671,23.07377],[121.34813,23.06463],[121.33853,23.0333],[121.33916,23.02591],[121.33504,23.02293],[121.33719,23.02011],[121.32944,23.0162],[121.32732,23.00711],[121.32203,23.00208],[121.32346,22.99328],[121.29518,22.95452],[121.29141,22.95547],[121.28666,22.95184],[121.28784,22.94942],[121.28303,22.94788],[121.26942,22.91187],[121.2622,22.90645],[121.24731,22.88146],[121.23891,22.87848],[121.23335,22.86449],[121.22469,22.86717],[121.20904,22.86309],[121.18958,22.84694],[121.18625,22.8329],[121.19813,22.81481],[121.20103,22.79585],[121.1949,22.79029],[121.18741,22.79041],[121.1814,22.7829],[121.17619,22.7588],[121.15678,22.74732],[121.12369,22.71625],[121.08136,22.6982],[121.06424,22.68201],[121.03525,22.66747],[121.02554,22.65551],[121.0126,22.61951],[121.00916,22.58896],[120.98561,22.56946],[120.97785,22.55572],[120.95936,22.50476],[120.9464,22.45688],[120.91487,22.38492],[120.90883,22.3592],[120.90261,22.35255],[120.89524,22.33572],[120.89166,22.28296],[120.89629,22.24643],[120.88418,22.24071],[120.88062,22.2347],[120.86643,22.22982],[120.86212,22.23075],[120.8643,22.23429],[120.85867,22.24082],[120.83462,22.24537],[120.82591,22.25665],[120.8154,22.26322],[120.79906,22.25716],[120.79958,22.2651],[120.79629,22.26992],[120.79806,22.27638],[120.80677,22.27716],[120.80562,22.28394],[120.79321,22.28579],[120.7899,22.29331],[120.78083,22.29495],[120.77683,22.30258],[120.77815,22.3085],[120.78713,22.30921],[120.79659,22.31717],[120.79247,22.33562],[120.78472,22.34578],[120.77518,22.34935],[120.76726,22.34761],[120.76298,22.35915],[120.75267,22.36039],[120.74346,22.36726],[120.74878,22.37325],[120.7505,22.38409],[120.75648,22.38838],[120.75214,22.39267],[120.7576,22.39818],[120.75342,22.40506],[120.76531,22.40905],[120.77339,22.40693],[120.78964,22.41765],[120.77513,22.4433],[120.77611,22.45019],[120.75105,22.45902],[120.75457,22.4714],[120.75081,22.47915],[120.75746,22.48183],[120.75855,22.48841],[120.76368,22.49092],[120.76434,22.49539],[120.75363,22.51104],[120.75002,22.53402],[120.73937,22.55174],[120.73963,22.56254],[120.74172,22.5689],[120.74878,22.5723],[120.7458,22.58955],[120.75464,22.60078],[120.75487,22.61698],[120.76131,22.63004],[120.78582,22.66143],[120.78622,22.67204],[120.79157,22.67918],[120.78679,22.69291],[120.8091,22.68826],[120.81144,22.69204],[120.81911,22.69103],[120.81988,22.6956],[120.83679,22.69708],[120.84851,22.71695],[120.85488,22.71755],[120.85839,22.71362],[120.86167,22.7167],[120.88351,22.71707],[120.89503,22.7386],[120.89563,22.75616],[120.89481,22.76258],[120.89196,22.7637],[120.90382,22.77558],[120.9033,22.79981],[120.89119,22.81162],[120.87171,22.81479],[120.86175,22.8263],[120.86957,22.85776],[120.85915,22.86345],[120.86555,22.86966],[120.85973,22.87837],[120.84053,22.88195],[120.83354,22.89981],[120.82866,22.90397],[120.83329,22.91227],[120.82181,22.93526],[120.82475,22.95245],[120.82079,22.96197],[120.83014,22.96999],[120.82906,22.97439],[120.83246,22.98039],[120.84118,22.984],[120.84193,22.99093],[120.84909,22.99485],[120.85107,23.00513],[120.85823,23.00505],[120.86066,23.00805],[120.86161,23.03077],[120.87996,23.03552],[120.87975,23.04777],[120.86921,23.05969],[120.88563,23.08911],[120.8894,23.11044],[120.88497,23.11935],[120.88806,23.12244],[120.88576,23.14428],[120.87641,23.15133],[120.895,23.16072],[120.89872,23.17666],[120.91076,23.18169],[120.9116,23.1899],[120.90575,23.19955],[120.90673,23.20565],[120.91163,23.20955],[120.91157,23.22786],[120.91546,23.23751],[120.92653,23.24456],[120.93061,23.24246],[120.9379,23.24495],[120.94125,23.25195],[120.94669,23.25311],[120.95738,23.26416],[120.95968,23.27084],[120.97263,23.28219],[120.98659,23.28032],[121.00984,23.2925],[121.02384,23.29373],[121.0389,23.30065],[121.05945,23.28615],[121.06242,23.26584],[121.079,23.23283],[121.09284,23.23382],[121.10845,23.22349],[121.1294,23.2233],[121.13936,23.20191],[121.14735,23.19901],[121.1547,23.19915],[121.16091,23.20596],[121.17563,23.21019],[121.18981,23.20346],[121.19825,23.18844],[121.19917,23.17509],[121.21249,23.15493],[121.21195,23.14423],[121.23093,23.13925],[121.23845,23.12874],[121.24521,23.12841],[121.24921,23.13152],[121.2576,23.12612],[121.26727,23.11409],[121.26432,23.10392],[121.27235,23.09788],[121.29142,23.10937],[121.3158,23.10974],[121.32197,23.11717],[121.32035,23.13783],[121.3272,23.15219],[121.32203,23.15535],[121.3173,23.16497],[121.31856,23.16819],[121.32186,23.1694],[121.3233,23.17873],[121.32974,23.18037],[121.33493,23.17793],[121.34691,23.20927],[121.34646,23.2171],[121.35716,23.22371],[121.3526,23.2313],[121.3609,23.24435],[121.3594,23.25269],[121.37075,23.26244],[121.37233,23.26783],[121.37792,23.26962],[121.37785,23.30094],[121.38785,23.31064],[121.39025,23.32062],[121.39994,23.32318],[121.40207,23.33388],[121.40971,23.3459],[121.42253,23.3557],[121.42288,23.35999],[121.40437,23.36735],[121.40004,23.38657],[121.41043,23.39884],[121.42029,23.42067],[121.4334,23.43287],[121.44001,23.43313],[121.44769,23.44359]]]]}},{"type":"Feature","properties":{"code":"10015","name":"花蓮縣"},"geometry":{"type":"Polygon","coordinates":[[[121.63176,24.36943],[121.63062,24.36642],[121.635,24.36634],[121.64876,24.34951],[121.65072,24.35093],[121.64785,24.35773],[121.65068,24.35985],[121.65351,24.35219],[121.66313,24.35289],[121.66911,24.3431],[121.67398,24.3434],[121.67484,24.33777],[121.68558,24.34073],[121.68847,24.33362],[121.69538,24.33478],[121.71332,24.32694],[121.74474,24.32285],[121.75962,24.31406],[121.77407,24.31527],[121.77301,24.30876],[121.75058,24.28441],[121.74307,24.25963],[121.7283,24.2457],[121.71559,24.24167],[121.70613,24.22561],[121.67395,24.20756],[121.66332,24.19414],[121.65848,24.17188],[121.66422,24.15543],[121.66376,24.13452],[121.65374,24.12],[121.63172,24.10599],[121.61913,24.08958],[121.61567,24.0701],[121.61919,24.05223],[121.62988,24.03113],[121.64367,24.01939],[121.64792,24.00895],[121.62828,23.96947],[121.62219,23.97787],[121.61584,23.97321],[121.60782,23.9599],[121.61187,23.93333],[121.60602,23.91591],[121.59824,23.85702],[121.57285,23.80042],[121.57245,23.75661],[121.5602,23.72953],[121.55224,23.72274],[121.54989,23.71656],[121.54986,23.70295],[121.55336,23.69835],[121.54536,23.66457],[121.541,23.66053],[121.54339,23.65334],[121.53659,23.64719],[121.53123,23.62647],[121.52629,23.57639],[121.51134,23.55149],[121.50346,23.52019],[121.50772,23.49124],[121.51245,23.4918],[121.51395,23.48716],[121.49983,23.45616],[121.49609,23.43483],[121.4905,23.43526],[121.48245,23.43017],[121.47331,23.44062],[121.46344,23.43887],[121.46158,23.44154],[121.44709,23.4438],[121.44064,23.43367],[121.4334,23.43287],[121.42022,23.42058],[121.41249,23.40236],[121.39992,23.3856],[121.40437,23.36735],[121.42288,23.35999],[121.42253,23.3557],[121.40971,23.3459],[121.40207,23.33388],[121.39994,23.32318],[121.39025,23.32062],[121.38785,23.31064],[121.37785,23.30094],[121.37792,23.26962],[121.37233,23.26783],[121.37075,23.26244],[121.3594,23.25269],[121.3609,23.24435],[121.3526,23.2313],[121.35716,23.22371],[121.34646,23.2171],[121.34691,23.20927],[121.33493,23.17793],[121.32974,23.18037],[121.3233,23.17873],[121.32186,23.1694],[121.31856,23.16819],[121.3173,23.16497],[121.32203,23.15535],[121.3272,23.15219],[121.32035,23.13783],[121.32197,23.11717],[121.3158,23.10974],[121.29142,23.10937],[121.27254,23.0978],[121.26432,23.10392],[121.26727,23.11409],[121.2576,23.12612],[121.24921,23.13152],[121.24521,23.12841],[121.23845,23.12874],[121.23093,23.13925],[121.21195,23.14423],[121.21249,23.15493],[121.19917,23.17509],[121.19825,23.18844],[121.1895,23.20372],[121.17563,23.21019],[121.16091,23.20596],[121.1547,23.19915],[121.14735,23.19901],[121.13936,23.20191],[121.1294,23.2233],[121.10845,23.22349],[121.09284,23.23382],[121.079,23.23283],[121.06242,23.26584],[121.06207,23.27941],[121.05632,23.2903],[121.0389,23.30065],[121.02832,23.29712],[121.03207,23.30379],[121.04628,23.30868],[121.04878,23.32531],[121.02678,23.33781],[121.02005,23.35038],[121.0104,23.34581],[121.00757,23.35203],[121.00079,23.35619],[120.9871,23.35873],[120.98778,23.37006],[120.99987,23.38221],[121.00772,23.38466],[121.00113,23.39175],[121.00321,23.39479],[121.01464,23.39658],[121.01924,23.40152],[121.02175,23.39997],[121.02835,23.40376],[121.02491,23.4146],[121.02934,23.42263],[121.01293,23.43324],[121.03365,23.44551],[121.05182,23.4508],[121.05835,23.46028],[121.0389,23.47408],[121.05361,23.48783],[121.0541,23.4956],[121.06217,23.49954],[121.06846,23.51845],[121.08811,23.51405],[121.09185,23.51452],[121.09736,23.52165],[121.10367,23.51893],[121.1177,23.52164],[121.13526,23.51496],[121.1444,23.5256],[121.1511,23.52705],[121.14688,23.53411],[121.15106,23.54518],[121.14612,23.55437],[121.15188,23.56047],[121.15714,23.55956],[121.16034,23.56783],[121.15215,23.57316],[121.15339,23.58678],[121.16675,23.58714],[121.17804,23.58264],[121.17973,23.59003],[121.19417,23.6006],[121.20658,23.59587],[121.21341,23.60037],[121.21732,23.6147],[121.2238,23.62358],[121.22412,23.63885],[121.23584,23.66252],[121.23596,23.67077],[121.2324,23.67704],[121.23943,23.68697],[121.24121,23.69846],[121.23946,23.72415],[121.22964,23.73019],[121.22885,23.74452],[121.23252,23.7506],[121.22148,23.75272],[121.20648,23.76264],[121.20867,23.76585],[121.20465,23.7724],[121.2304,23.78797],[121.22662,23.79244],[121.22617,23.80293],[121.22754,23.80854],[121.23446,23.812],[121.23477,23.81794],[121.23913,23.82186],[121.23668,23.82521],[121.23942,23.84042],[121.24892,23.85213],[121.25318,23.86809],[121.25809,23.87249],[121.26525,23.87291],[121.26318,23.88077],[121.26846,23.8839],[121.26654,23.89841],[121.26106,23.9026],[121.27608,23.90986],[121.27651,23.92316],[121.27206,23.93835],[121.27433,23.94564],[121.27175,23.9485],[121.27795,23.96558],[121.27357,23.97525],[121.26423,23.97598],[121.26004,23.99208],[121.28566,24.03953],[121.28321,24.05427],[121.29554,24.06378],[121.29989,24.06217],[121.30819,24.07331],[121.32313,24.08494],[121.31895,24.09501],[121.32566,24.10246],[121.3285,24.11441],[121.31566,24.11649],[121.29586,24.13244],[121.28137,24.13587],[121.28468,24.15229],[121.28033,24.15787],[121.28835,24.15774],[121.2862,24.17736],[121.30708,24.18033],[121.32562,24.19612],[121.3494,24.19973],[121.34938,24.21044],[121.34302,24.22355],[121.35251,24.235],[121.35253,24.24376],[121.36067,24.24394],[121.36702,24.25217],[121.38506,24.25499],[121.38566,24.26415],[121.38055,24.27976],[121.39074,24.28969],[121.39658,24.28874],[121.40345,24.29688],[121.4051,24.30825],[121.42201,24.30753],[121.43461,24.32177],[121.43248,24.32986],[121.43778,24.34227],[121.43563,24.34758],[121.44157,24.35859],[121.44727,24.35954],[121.45139,24.3644],[121.4654,24.35531],[121.48537,24.34846],[121.49812,24.33923],[121.50438,24.34293],[121.51357,24.34081],[121.52216,24.34302],[121.53313,24.33709],[121.54499,24.33777],[121.55592,24.33129],[121.55949,24.32315],[121.56637,24.31918],[121.57585,24.31967],[121.58949,24.3138],[121.59719,24.31629],[121.60575,24.30942],[121.60523,24.31728],[121.59575,24.33162],[121.59923,24.33353],[121.60447,24.32901],[121.60792,24.33542],[121.61754,24.33365],[121.61614,24.33813],[121.61921,24.34548],[121.62279,24.33947],[121.62748,24.34112],[121.62864,24.33369],[121.6328,24.33475],[121.63137,24.34398],[121.63552,24.34762],[121.62685,24.34953],[121.62677,24.35433],[121.6212,24.35811],[121.62357,24.36234],[121.62038,24.36321],[121.62589,24.36912],[121.63176,24.36943]]]}},{"type":"Feature","properties":{"code":"10016","name":"澎湖縣"},"geometry":{"type":"MultiPolygon","coordinates":[[[[119.44026,23.22137],[119.44798,23.22009],[119.44366,23.21403],[119.44291,23.20042],[119.43617,23.20192],[119.42988,23.19678],[119.43046,23.18659],[119.41793,23.1934],[119.42163,23.19335],[119.42175,23.19607],[119.41574,23.19376],[119.42049,23.19815],[119.42063,23.20332],[119.40951,23.21629],[119.41275,23.21418],[119.41474,23.21731],[119.44026,23.22137]]],[[[119.61615,23.25372],[119.62139,23.25294],[119.6218,23.24475],[119.61531,23.2441],[119.60868,23.24891],[119.60874,23.25142],[119.61615,23.25372]]],[[[119.67737,23.26407],[119.68009,23.26019],[119.6727,23.25128],[119.67425,23.24671],[119.6711,23.24389],[119.66458,23.25054],[119.66786,23.25547],[119.66542,23.25861],[119.66744,23.26193],[119.67737,23.26407]]],[[[119.66094,23.26437],[119.66003,23.25996],[119.65673,23.26098],[119.66094,23.26437]]],[[[119.51977,23.26463],[119.52208,23.26208],[119.5164,23.25477],[119.5092,23.25672],[119.51137,23.25575],[119.51407,23.26232],[119.51977,23.26463]]],[[[119.50675,23.27256],[119.50986,23.27322],[119.51117,23.26675],[119.50466,23.2685],[119.50276,23.27271],[119.50675,23.27256]]],[[[119.32026,23.32604],[119.32295,23.32384],[119.31922,23.32387],[119.32026,23.32604]]],[[[119.53712,23.37527],[119.54384,23.36497],[119.53247,23.36691],[119.52593,23.36281],[119.52526,23.35727],[119.52388,23.36061],[119.52047,23.35994],[119.51959,23.36683],[119.52528,23.36661],[119.52711,23.37238],[119.53712,23.37527]]],[[[119.49373,23.39723],[119.49908,23.38982],[119.50199,23.38937],[119.50482,23.39488],[119.50751,23.39225],[119.50837,23.37679],[119.51341,23.37689],[119.50863,23.37118],[119.51662,23.3735],[119.51631,23.36784],[119.50765,23.36466],[119.51311,23.35248],[119.50299,23.35573],[119.49073,23.35304],[119.4863,23.35599],[119.49465,23.36554],[119.49167,23.37956],[119.49596,23.38746],[119.48943,23.39469],[119.49373,23.39723]]],[[[119.31972,23.41168],[119.33069,23.40486],[119.32723,23.40034],[119.31638,23.39685],[119.31445,23.40274],[119.31972,23.41168]]],[[[119.54115,23.49603],[119.54353,23.49363],[119.52878,23.48667],[119.51173,23.48299],[119.50903,23.48506],[119.51037,23.49146],[119.51713,23.48652],[119.52072,23.49222],[119.52931,23.49584],[119.53744,23.49807],[119.54115,23.49603]]],[[[119.52052,23.51505],[119.52182,23.50969],[119.51446,23.5094],[119.51605,23.51465],[119.51969,23.51222],[119.52052,23.51505]]],[[[119.53334,23.54167],[119.53263,23.53871],[119.5301,23.54123],[119.53334,23.54167]]],[[[119.67442,23.60531],[119.67731,23.60408],[119.67295,23.60198],[119.67196,23.60483],[119.67442,23.60531]]],[[[119.57083,23.61774],[119.56519,23.61922],[119.5686,23.62266],[119.57083,23.61774]]],[[[119.63445,23.65148],[119.63687,23.65046],[119.63397,23.64292],[119.63311,23.64652],[119.63066,23.64465],[119.6318,23.64765],[119.62955,23.64678],[119.63445,23.65148]]],[[[119.64145,23.66037],[119.64543,23.66],[119.63839,23.65799],[119.64145,23.66037]]],[[[119.66432,23.66957],[119.66736,23.66863],[119.66528,23.66346],[119.66769,23.66051],[119.65408,23.6568],[119.65922,23.65906],[119.65475,23.66051],[119.66184,23.6635],[119.66432,23.66957]]],[[[119.671,23.67614],[119.67272,23.67445],[119.66859,23.67345],[119.671,23.67614]]],[[[119.55623,23.67661],[119.55634,23.67341],[119.55407,23.6755],[119.55623,23.67661]]],[[[119.5843,23.67657],[119.5909,23.67177],[119.59964,23.67388],[119.60549,23.66825],[119.60291,23.66448],[119.60458,23.66637],[119.60407,23.66404],[119.60984,23.66359],[119.60638,23.65947],[119.61361,23.65291],[119.61109,23.6474],[119.60076,23.64806],[119.60244,23.64174],[119.5974,23.63961],[119.60085,23.63517],[119.60303,23.6374],[119.60076,23.63479],[119.60298,23.63351],[119.61035,23.63569],[119.60234,23.62852],[119.60603,23.62081],[119.61348,23.62007],[119.61374,23.61404],[119.60988,23.61057],[119.61322,23.60199],[119.61363,23.60421],[119.6171,23.60369],[119.61682,23.60103],[119.62088,23.60215],[119.6195,23.60688],[119.62529,23.60899],[119.63094,23.60741],[119.63208,23.60435],[119.62511,23.60043],[119.62789,23.59569],[119.62463,23.59272],[119.62394,23.58709],[119.62735,23.58383],[119.62427,23.58038],[119.63181,23.58311],[119.63436,23.59083],[119.63169,23.59394],[119.63738,23.59899],[119.64139,23.59865],[119.63771,23.59155],[119.64136,23.58884],[119.63966,23.58732],[119.64367,23.58769],[119.64279,23.59332],[119.64844,23.59391],[119.6436,23.5951],[119.65078,23.60596],[119.64655,23.60677],[119.65484,23.60888],[119.65743,23.60386],[119.65533,23.59854],[119.66613,23.59548],[119.66014,23.59534],[119.66021,23.59161],[119.66801,23.59123],[119.66815,23.60068],[119.67212,23.60113],[119.68265,23.58392],[119.6826,23.57641],[119.68083,23.57828],[119.67998,23.57466],[119.68311,23.56564],[119.69435,23.56035],[119.69273,23.55853],[119.69598,23.55383],[119.67779,23.55141],[119.67192,23.55807],[119.67586,23.55644],[119.67607,23.55973],[119.66925,23.56207],[119.66954,23.55643],[119.66659,23.56138],[119.64403,23.55956],[119.63876,23.5543],[119.64095,23.55172],[119.63468,23.55119],[119.63505,23.54673],[119.62914,23.54763],[119.6248,23.54247],[119.62406,23.54464],[119.62087,23.54207],[119.62146,23.53808],[119.61429,23.53801],[119.60557,23.52862],[119.60643,23.52214],[119.61177,23.52184],[119.61161,23.51884],[119.60556,23.51651],[119.60794,23.51257],[119.60626,23.50781],[119.59756,23.51027],[119.59782,23.51421],[119.59688,23.51059],[119.59022,23.51283],[119.57285,23.50807],[119.57217,23.52247],[119.56454,23.52628],[119.55699,23.52347],[119.55341,23.532],[119.5483,23.53404],[119.54947,23.53901],[119.54391,23.5372],[119.54024,23.54149],[119.54233,23.54825],[119.54504,23.54621],[119.54878,23.554],[119.54794,23.55103],[119.55186,23.54841],[119.54978,23.54067],[119.55138,23.54272],[119.55694,23.53755],[119.55503,23.52891],[119.56113,23.52677],[119.56086,23.53083],[119.56463,23.52983],[119.56552,23.53471],[119.56778,23.53121],[119.57188,23.53198],[119.57457,23.51964],[119.58034,23.52369],[119.58273,23.5327],[119.58641,23.52915],[119.59075,23.53218],[119.59614,23.52671],[119.59978,23.53109],[119.59566,23.53252],[119.59514,23.53821],[119.60313,23.54034],[119.60011,23.54535],[119.60411,23.54834],[119.5944,23.54843],[119.59214,23.55275],[119.59108,23.54979],[119.59105,23.55227],[119.5885,23.55001],[119.5875,23.55195],[119.57327,23.54531],[119.56905,23.5513],[119.56226,23.54861],[119.56556,23.55266],[119.56199,23.55252],[119.56291,23.55773],[119.56832,23.5528],[119.57572,23.55487],[119.57211,23.55843],[119.57745,23.55865],[119.57236,23.56315],[119.57683,23.56055],[119.57661,23.56375],[119.57955,23.5634],[119.5743,23.56797],[119.56824,23.56209],[119.569,23.56466],[119.55809,23.56069],[119.55573,23.56325],[119.55976,23.56415],[119.55994,23.57036],[119.56742,23.57494],[119.56167,23.58506],[119.57469,23.58495],[119.58337,23.59425],[119.58333,23.58935],[119.58619,23.58781],[119.5824,23.58301],[119.58571,23.58023],[119.58274,23.57981],[119.58906,23.57985],[119.58555,23.57356],[119.58703,23.57119],[119.59412,23.57482],[119.59393,23.57044],[119.59728,23.56899],[119.59785,23.57488],[119.60213,23.57707],[119.59749,23.57694],[119.59843,23.5828],[119.60727,23.58598],[119.60771,23.59371],[119.60309,23.60097],[119.6058,23.60556],[119.61237,23.60544],[119.60964,23.61037],[119.60435,23.60907],[119.5971,23.61644],[119.60547,23.62008],[119.60453,23.625],[119.60014,23.62039],[119.59555,23.62465],[119.58851,23.62267],[119.5958,23.63547],[119.59412,23.64118],[119.5879,23.64407],[119.58852,23.64715],[119.58242,23.65264],[119.58324,23.65547],[119.57942,23.65635],[119.5827,23.65804],[119.58099,23.66183],[119.57104,23.66223],[119.56326,23.65139],[119.55448,23.65751],[119.55604,23.65549],[119.55399,23.65698],[119.54074,23.64061],[119.54374,23.64074],[119.53939,23.63265],[119.53742,23.63407],[119.53919,23.63222],[119.51818,23.62865],[119.52313,23.60177],[119.51963,23.59453],[119.51228,23.59216],[119.51632,23.5854],[119.51203,23.58089],[119.51521,23.57458],[119.51314,23.57058],[119.51804,23.56731],[119.51623,23.5648],[119.50126,23.56736],[119.50038,23.56533],[119.49617,23.56814],[119.48973,23.56266],[119.48065,23.56441],[119.48088,23.56186],[119.4722,23.55926],[119.46722,23.56129],[119.47785,23.56894],[119.4813,23.57543],[119.49184,23.56983],[119.50337,23.57914],[119.50215,23.59045],[119.48952,23.59426],[119.4941,23.59607],[119.49146,23.5986],[119.4938,23.60208],[119.49818,23.6007],[119.49838,23.59567],[119.50443,23.5973],[119.50265,23.60567],[119.50895,23.61265],[119.49929,23.6201],[119.5041,23.62379],[119.50218,23.631],[119.50751,23.63632],[119.51203,23.64835],[119.51967,23.64815],[119.51728,23.65232],[119.51422,23.65202],[119.51429,23.65558],[119.52414,23.65583],[119.51935,23.64447],[119.5357,23.63871],[119.5403,23.64045],[119.5534,23.65678],[119.55131,23.65803],[119.554,23.65751],[119.55015,23.65775],[119.55519,23.66855],[119.57025,23.67027],[119.56824,23.67247],[119.5843,23.67657]]],[[[119.66684,23.68286],[119.66803,23.67604],[119.66473,23.67754],[119.66684,23.68286]]],[[[119.65184,23.69379],[119.65264,23.69071],[119.64956,23.69316],[119.65184,23.69379]]],[[[119.60967,23.71066],[119.60697,23.71142],[119.60878,23.71368],[119.60967,23.71066]]],[[[119.55213,23.72083],[119.55896,23.71994],[119.55674,23.71516],[119.55861,23.71095],[119.55532,23.70864],[119.55319,23.71157],[119.55624,23.71712],[119.55102,23.719],[119.55213,23.72083]]],[[[119.61236,23.756],[119.6125,23.75285],[119.62192,23.74933],[119.62381,23.74369],[119.61964,23.74031],[119.61604,23.74171],[119.61576,23.7376],[119.61136,23.74148],[119.61498,23.73744],[119.60706,23.73755],[119.60265,23.72537],[119.59597,23.73903],[119.60406,23.74561],[119.60582,23.75201],[119.60861,23.75247],[119.60575,23.75334],[119.61129,23.75877],[119.61236,23.756]]],[[[119.60626,23.77567],[119.60741,23.77069],[119.59757,23.75782],[119.59881,23.76886],[119.60626,23.77567]]],[[[119.59681,23.79806],[119.6007,23.79435],[119.59584,23.79576],[119.59681,23.79806]]]]}},{"type":"Feature","properties":{"code":"10018","name":"新竹市"},"geometry":{"type":"Polygon","coordinates":[[[120.93012,24.85301],[120.94045,24.84996],[120.94482,24.84107],[120.95529,24.83436],[120.98309,24.83093],[120.9878,24.82548],[121.00039,24.82206],[121.00828,24.81621],[121.02574,24.79907],[121.02061,24.79881],[121.02315,24.79605],[121.02062,24.7941],[121.02459,24.78907],[121.02305,24.7851],[121.02752,24.78271],[121.02495,24.77999],[121.0297,24.77701],[121.02989,24.76647],[121.03354,24.76389],[121.02805,24.75821],[121.02059,24.75661],[121.00971,24.77379],[120.99316,24.7806],[120.99028,24.77689],[120.98584,24.77691],[120.98838,24.76807],[120.98197,24.76743],[120.97942,24.76329],[120.96984,24.76516],[120.96741,24.75646],[120.95745,24.74961],[120.95756,24.7453],[120.94408,24.74417],[120.93986,24.73274],[120.94182,24.72856],[120.93801,24.72942],[120.93863,24.71661],[120.93543,24.71259],[120.93031,24.71662],[120.92364,24.71455],[120.91367,24.71733],[120.91628,24.72153],[120.90781,24.74107],[120.89104,24.73177],[120.88104,24.73329],[120.87454,24.73832],[120.89778,24.76468],[120.89137,24.77478],[120.89227,24.79302],[120.90179,24.82206],[120.91576,24.84113],[120.91676,24.84875],[120.91297,24.85408],[120.93012,24.85301]]]}},{"type":"Feature","properties":{"code":"66000","name":"臺中市"},"geometry":{"type":"Polygon","coordinates":[[[121.32835,24.43304],[121.32649,24.39987],[121.33234,24.39794],[121.33913,24.3896],[121.34297,24.39284],[121.35469,24.39327],[121.36489,24.38907],[121.3698,24.38259],[121.3671,24.37893],[121.36929,24.37246],[121.37374,24.36805],[121.38184,24.36701],[121.38762,24.36969],[121.38996,24.37515],[121.40089,24.37967],[121.40791,24.37755],[121.43397,24.38323],[121.4383,24.38262],[121.44256,24.37313],[121.44798,24.37483],[121.45201,24.36468],[121.44727,24.35954],[121.44157,24.35859],[121.43779,24.35205],[121.43562,24.34725],[121.43777,24.34222],[121.43252,24.33027],[121.43485,24.32219],[121.42323,24.30822],[121.4051,24.30825],[121.40345,24.29688],[121.39658,24.28874],[121.39074,24.28969],[121.38055,24.27976],[121.38566,24.26415],[121.38506,24.25499],[121.37268,24.25412],[121.36689,24.2521],[121.36067,24.24394],[121.35261,24.24385],[121.35251,24.235],[121.34302,24.22355],[121.3265,24.23253],[121.30389,24.23368],[121.30117,24.23669],[121.29314,24.22916],[121.28003,24.22977],[121.27686,24.23547],[121.26605,24.24094],[121.26499,24.24587],[121.25465,24.24284],[121.24416,24.2225],[121.23796,24.21971],[121.23041,24.22353],[121.23077,24.22605],[121.21971,24.22924],[121.20824,24.2217],[121.19634,24.223],[121.19125,24.21636],[121.18146,24.21205],[121.16764,24.22539],[121.16098,24.21518],[121.14782,24.21285],[121.14137,24.19965],[121.13636,24.19634],[121.10842,24.19801],[121.10169,24.19563],[121.08488,24.17592],[121.0646,24.16302],[121.0594,24.16278],[121.05266,24.1548],[121.04743,24.16006],[121.03811,24.1582],[121.03333,24.14858],[121.02776,24.15956],[121.01954,24.15871],[121.00817,24.14704],[120.99955,24.12776],[120.99202,24.12525],[120.98909,24.11877],[120.97569,24.11687],[120.97116,24.12024],[120.96121,24.12015],[120.95011,24.12786],[120.93255,24.11258],[120.91988,24.10744],[120.90956,24.10923],[120.90489,24.11449],[120.89153,24.11591],[120.89425,24.10685],[120.89133,24.0978],[120.88587,24.09541],[120.87802,24.08503],[120.87686,24.09119],[120.8815,24.10058],[120.87914,24.1093],[120.87245,24.11684],[120.8586,24.11621],[120.85387,24.12451],[120.84485,24.12453],[120.83628,24.11695],[120.83029,24.1025],[120.83249,24.09875],[120.82837,24.09395],[120.8293,24.07151],[120.81446,24.0699],[120.80799,24.06537],[120.79154,24.03067],[120.7862,24.02936],[120.78461,24.02404],[120.7752,24.01855],[120.77056,24.00907],[120.75797,24.00609],[120.74604,23.99856],[120.73173,24.009],[120.71924,24.00966],[120.70638,24.00519],[120.69185,24.00818],[120.67865,24.01403],[120.65579,24.03066],[120.65175,24.02853],[120.6464,24.03402],[120.64464,24.02588],[120.63615,24.03105],[120.62516,24.03019],[120.62811,24.03835],[120.62343,24.05212],[120.62535,24.06895],[120.617,24.07942],[120.61249,24.10257],[120.58836,24.10623],[120.58352,24.10955],[120.57275,24.10829],[120.54538,24.11647],[120.54092,24.12366],[120.53268,24.12643],[120.52355,24.13968],[120.52581,24.14902],[120.50439,24.19114],[120.45656,24.20718],[120.46491,24.21428],[120.46121,24.21669],[120.46882,24.21446],[120.47633,24.22433],[120.49049,24.25528],[120.48621,24.25732],[120.48901,24.25638],[120.49311,24.26614],[120.4982,24.26393],[120.50826,24.2839],[120.51084,24.29222],[120.50809,24.29341],[120.51113,24.29273],[120.51681,24.29846],[120.52168,24.31186],[120.51949,24.31296],[120.53232,24.32051],[120.53989,24.33512],[120.54579,24.33487],[120.55921,24.3498],[120.5614,24.35954],[120.56901,24.36667],[120.57307,24.37724],[120.62186,24.44029],[120.6286,24.43804],[120.63966,24.42777],[120.64597,24.41229],[120.66425,24.40172],[120.67011,24.39196],[120.67865,24.38707],[120.6774,24.38403],[120.68995,24.37434],[120.69304,24.36695],[120.70743,24.36173],[120.7073,24.35787],[120.73041,24.35181],[120.763,24.32601],[120.78383,24.31835],[120.80653,24.31568],[120.83357,24.29047],[120.8499,24.28851],[120.87612,24.295],[120.90251,24.29219],[120.91191,24.29406],[120.9225,24.30394],[120.91661,24.33513],[120.93564,24.34292],[120.94246,24.33914],[120.95679,24.3393],[120.96649,24.33346],[120.98198,24.3359],[120.99178,24.32962],[121.00415,24.3323],[121.01802,24.3113],[121.02937,24.30471],[121.03413,24.29782],[121.04914,24.296],[121.05535,24.3104],[121.07021,24.31576],[121.07386,24.31919],[121.07308,24.32282],[121.08147,24.32414],[121.08644,24.31768],[121.09193,24.31863],[121.10848,24.33095],[121.11487,24.32864],[121.12158,24.33068],[121.12413,24.34055],[121.12844,24.34217],[121.14096,24.35964],[121.14841,24.35788],[121.16837,24.36091],[121.17418,24.36892],[121.17342,24.37334],[121.1833,24.38101],[121.19024,24.38162],[121.19719,24.39659],[121.21029,24.39612],[121.21588,24.37945],[121.23186,24.38386],[121.23466,24.39734],[121.24357,24.40572],[121.2434,24.41914],[121.25,24.42491],[121.25761,24.42505],[121.26022,24.42901],[121.2699,24.42738],[121.27153,24.42975],[121.30546,24.43257],[121.31767,24.44149],[121.32835,24.43304]]]}},{"type":"Feature","properties":{"code":"10005","name":"苗栗縣"},"geometry":{"type":"Polygon","coordinates":[[[120.91198,24.73244],[120.9163,24.72138],[120.91367,24.71733],[120.92364,24.71455],[120.93031,24.71662],[120.94193,24.70735],[120.9498,24.7112],[120.95341,24.70404],[120.96337,24.71148],[120.97503,24.71101],[120.97665,24.70626],[120.97219,24.70346],[120.974,24.69694],[120.96638,24.69117],[120.96441,24.68362],[120.97557,24.68456],[120.977,24.67368],[120.98175,24.67178],[120.98667,24.66386],[120.99065,24.66479],[120.99064,24.66039],[120.99509,24.6593],[120.99724,24.65461],[121.01028,24.65621],[121.00821,24.64432],[121.01439,24.64085],[121.02544,24.64121],[121.0259,24.63591],[121.04339,24.62714],[121.05157,24.61514],[121.06234,24.62183],[121.06793,24.61498],[121.07493,24.6123],[121.07543,24.60424],[121.08128,24.60057],[121.08308,24.58992],[121.07526,24.58067],[121.07059,24.56336],[121.06263,24.55743],[121.05843,24.56063],[121.0582,24.55791],[121.07347,24.54942],[121.08054,24.54096],[121.0783,24.5289],[121.06693,24.52255],[121.07189,24.49838],[121.08556,24.50131],[121.09808,24.49642],[121.11696,24.50839],[121.12324,24.51024],[121.137,24.50665],[121.14503,24.51192],[121.15059,24.50609],[121.16914,24.50259],[121.17792,24.50765],[121.18671,24.50536],[121.217,24.5148],[121.21747,24.50965],[121.22364,24.50631],[121.21867,24.49826],[121.23443,24.48802],[121.23472,24.48366],[121.2433,24.47729],[121.24443,24.46994],[121.25797,24.46335],[121.25804,24.45746],[121.26264,24.45525],[121.2587,24.43994],[121.26022,24.42901],[121.25761,24.42505],[121.25,24.42491],[121.2439,24.42008],[121.24357,24.40572],[121.23466,24.39734],[121.23206,24.38401],[121.21588,24.37945],[121.21029,24.39612],[121.19719,24.39659],[121.19024,24.38162],[121.1833,24.38101],[121.17342,24.37334],[121.17418,24.36892],[121.16837,24.36091],[121.14841,24.35788],[121.14096,24.35964],[121.12844,24.34217],[121.12413,24.34055],[121.12158,24.33068],[121.11487,24.32864],[121.10848,24.33095],[121.09193,24.31863],[121.08644,24.31768],[121.08147,24.32414],[121.07308,24.32282],[121.07386,24.31919],[121.07021,24.31576],[121.05535,24.3104],[121.04914,24.296],[121.03413,24.29782],[121.02937,24.30471],[121.01802,24.3113],[121.00415,24.3323],[120.99178,24.32962],[120.98198,24.3359],[120.96649,24.33346],[120.95679,24.3393],[120.94246,24.33914],[120.93564,24.34292],[120.91661,24.33513],[120.9225,24.30394],[120.91191,24.29406],[120.90251,24.29219],[120.87612,24.295],[120.84727,24.2886],[120.83338,24.29057],[120.80653,24.31568],[120.78383,24.31835],[120.763,24.32601],[120.73041,24.35181],[120.7073,24.35787],[120.70743,24.36173],[120.69233,24.36754],[120.68995,24.37434],[120.6774,24.38403],[120.67865,24.38707],[120.67011,24.39196],[120.66363,24.40231],[120.64597,24.41229],[120.63966,24.42777],[120.6286,24.43804],[120.62186,24.44029],[120.63777,24.45418],[120.63961,24.46001],[120.65266,24.47074],[120.66183,24.48378],[120.6654,24.48361],[120.66844,24.49981],[120.68468,24.52139],[120.70976,24.59102],[120.71581,24.60097],[120.73117,24.61186],[120.7382,24.62086],[120.74584,24.62173],[120.75237,24.6274],[120.75769,24.64152],[120.77871,24.66256],[120.79159,24.66781],[120.82409,24.67337],[120.85617,24.7025],[120.86133,24.72165],[120.87454,24.73832],[120.88104,24.73329],[120.89104,24.73177],[120.90781,24.74107],[120.91198,24.73244]]]}},{"type":"Feature","properties":{"code":"10004","name":"新竹縣"},"geometry":{"type":"Polygon","coordinates":[[[121.04012,24.94393],[121.05834,24.93684],[121.06096,24.92348],[121.05829,24.90521],[121.0691,24.90278],[121.07111,24.89948],[121.08345,24.89885],[121.09128,24.89336],[121.10908,24.89774],[121.11103,24.89127],[121.10777,24.88607],[121.11633,24.88168],[121.13559,24.87799],[121.13909,24.88244],[121.15567,24.88071],[121.16138,24.85947],[121.15004,24.84429],[121.15442,24.84406],[121.16011,24.83736],[121.17624,24.8321],[121.17366,24.82771],[121.18591,24.82382],[121.19878,24.81496],[121.20331,24.81731],[121.20467,24.80725],[121.21959,24.81179],[121.22161,24.79938],[121.24344,24.80869],[121.24744,24.80349],[121.24773,24.79672],[121.26047,24.79297],[121.26001,24.78196],[121.2706,24.77835],[121.27717,24.771],[121.30154,24.76301],[121.30772,24.75498],[121.29823,24.73224],[121.30762,24.7199],[121.29984,24.69496],[121.3039,24.69292],[121.31718,24.69814],[121.32417,24.69497],[121.33858,24.67996],[121.3392,24.66656],[121.34367,24.66939],[121.34548,24.66644],[121.35352,24.6678],[121.3524,24.64354],[121.35782,24.63371],[121.36642,24.63179],[121.36306,24.62067],[121.35882,24.61717],[121.36333,24.60313],[121.37278,24.59375],[121.38721,24.58656],[121.40305,24.59171],[121.41033,24.57916],[121.41226,24.57323],[121.40358,24.56871],[121.39468,24.55557],[121.39876,24.5482],[121.39675,24.53982],[121.40142,24.52886],[121.39052,24.52293],[121.38357,24.51022],[121.37335,24.5099],[121.37125,24.49836],[121.36385,24.49496],[121.35775,24.48661],[121.34284,24.48226],[121.34007,24.47485],[121.33564,24.47204],[121.336,24.46737],[121.32434,24.45762],[121.31747,24.44121],[121.30571,24.43265],[121.27153,24.42975],[121.2699,24.42738],[121.25984,24.42934],[121.25874,24.44033],[121.26264,24.45525],[121.25804,24.45746],[121.25797,24.46335],[121.24443,24.46994],[121.2433,24.47729],[121.23472,24.48366],[121.23443,24.48802],[121.21867,24.49826],[121.22364,24.50631],[121.21747,24.50965],[121.21597,24.51548],[121.20973,24.51153],[121.20052,24.51146],[121.19529,24.50704],[121.18671,24.50536],[121.17942,24.50798],[121.16914,24.50259],[121.15059,24.50609],[121.14503,24.51192],[121.137,24.50665],[121.12324,24.51024],[121.11696,24.50839],[121.09808,24.49642],[121.08556,24.50131],[121.07189,24.49838],[121.06693,24.52255],[121.0783,24.5289],[121.08054,24.54096],[121.07347,24.54942],[121.0582,24.55791],[121.05843,24.56063],[121.06263,24.55743],[121.07059,24.56336],[121.07526,24.58067],[121.08303,24.58976],[121.08128,24.60057],[121.07543,24.60424],[121.07514,24.61199],[121.06793,24.61498],[121.06242,24.62182],[121.05157,24.61514],[121.04339,24.62714],[121.0259,24.63591],[121.02544,24.64121],[121.01439,24.64085],[121.00821,24.64432],[121.01028,24.65621],[120.99724,24.65461],[120.99509,24.6593],[120.99064,24.66039],[120.99065,24.66479],[120.98667,24.66386],[120.98175,24.67178],[120.977,24.67368],[120.97557,24.68456],[120.96441,24.68362],[120.96638,24.69117],[120.974,24.69694],[120.97219,24.70346],[120.97665,24.70626],[120.97503,24.71101],[120.96337,24.71148],[120.95341,24.70404],[120.9498,24.7112],[120.94221,24.70731],[120.93543,24.71252],[120.93863,24.71661],[120.93801,24.72942],[120.94182,24.72856],[120.93986,24.73274],[120.94408,24.74417],[120.95756,24.7453],[120.95745,24.74961],[120.96741,24.75646],[120.96984,24.76516],[120.97942,24.76329],[120.98197,24.76743],[120.98838,24.76807],[120.98584,24.77691],[120.99028,24.77689],[120.99316,24.7806],[121.00971,24.77379],[121.02059,24.75661],[121.02778,24.75806],[121.03345,24.76343],[121.02989,24.76647],[121.0297,24.77701],[121.02495,24.77999],[121.02752,24.78271],[121.02305,24.7851],[121.02459,24.78907],[121.02062,24.7941],[121.02315,24.79605],[121.02061,24.79881],[121.02574,24.79907],[121.00828,24.81621],[121.00039,24.82206],[120.9878,24.82548],[120.98309,24.83093],[120.95529,24.83436],[120.94482,24.84107],[120.94045,24.84996],[120.92523,24.85481],[120.9426,24.87152],[120.96903,24.92737],[120.98107,24.93935],[120.99241,24.93502],[120.9942,24.93914],[121.00293,24.94001],[121.0071,24.94622],[121.01937,24.94042],[121.0258,24.94048],[121.02914,24.94523],[121.03814,24.94638],[121.04012,24.94393]]]}}]}